Division,Field_No,Extent_Hect,Type,Year_of_Planting,Last_Pruned,Age_Months, Yield_Sep_2025 ,Yield_2024_2025,Yield_2023_2024,Yield_2022_2023,Yield_2021_2022,Yield_2020_2021,Yield_2019_2020,Yield_2018_2019,Yield_2017_2018,Yield_2016_2017,Yield_2016_2015,Apr_Rainfall_18/19,Apr_Rainfall_19/20,Apr_Rainfall_20/21,Apr_Rainfall_21/22,Apr_Rainfall_22/23,Apr_Rainfall_23/24,Apr_Rainfall_24/25,May_Rainfall_17/18,May_Rainfall_18/19,May_Rainfall_19/20,May_Rainfall_20/21,May_Rainfall_21/22,May_Rainfall_22/23,May_Rainfall_23/24,May_Rainfall_24/25,Jun_Rainfall_17/18,Jun_Rainfall_18/19,Jun_Rainfall_19/20,Jun_Rainfall_20/21,Jun_Rainfall_21/22,Jun_Rainfall_22/23,Jun_Rainfall_23/24,Jun_Rainfall_24/25,Jul_Rainfall_17/18,Jul_Rainfall_18/19,Jul_Rainfall_19/20,Jul_Rainfall_20/21,Jul_Rainfall_21/22,Jul_Rainfall_22/23,Jul_Rainfall_23/24,Jul_Rainfall_24/25,Aug_Rainfall_17/18,Aug_Rainfall_18/19,Aug_Rainfall_19/20,Aug_Rainfall_20/21,Aug_Rainfall_21/22,Aug_Rainfall_22/23,Aug_Rainfall_23/24,Aug_Rainfall_24/25,Sep_Rainfall_17/18,Sep_Rainfall_18/19,Sep_Rainfall_19/20,Sep_Rainfall_20/21,Sep_Rainfall_21/22,Sep_Rainfall_22/23,Sep_Rainfall_23/24,Sep_Rainfall_24/25,Oct_Rainfall_17/18,Oct_Rainfall_18/19,Oct_Rainfall_19/20,Oct_Rainfall_20/21,Oct_Rainfall_21/22,Oct_Rainfall_22/23,Oct_Rainfall_23/24,Oct_Rainfall_24/25,Nov_Rainfall_17/18,Nov_Rainfall_18/19,Nov_Rainfall_19/20,Nov_Rainfall_20/21,Nov_Rainfall_21/22,Nov_Rainfall_22/23,Nov_Rainfall_23/24,Nov_Rainfall_24/25,Dec_Rainfall_17/18,Dec_Rainfall_18/19,Dec_Rainfall_19/20,Dec_Rainfall_20/21,Dec_Rainfall_21/22,Dec_Rainfall_22/23,Dec_Rainfall_23/24,Dec_Rainfall_24/25,Jan_Rainfall_17/18,Jan_Rainfall_18/19,Jan_Rainfall_20/21,Jan_Rainfall_21/22,Jan_Rainfall_22/23,Jan_Rainfall_23/24,Jan_Rainfall_24/25,Feb_Rainfall_17/18,Feb_Rainfall_18/19,Feb_Rainfall_21/22,Feb_Rainfall_22/23,Feb_Rainfall_23/24,Feb_Rainfall_24/25,Mar_Rainfall_17/18,Mar_Rainfall_18/19,Mar_Rainfall_19/20,Mar_Rainfall_20/21,Mar_Rainfall_21/22,Mar_Rainfall_22/23,Mar_Rainfall_23/24,Mar_Rainfall_24/25,Apr_WetDays_18/19,Apr_WetDays_19/20,Apr_WetDays_20/21,Apr_WetDays_21/22,Apr_WetDays_22/23,Apr_WetDays_23/24,Apr_WetDays_24/25,May_WetDays_17/18,May_WetDays_18/19,May_WetDays_19/20,May_WetDays_20/21,May_WetDays_21/22,May_WetDays_22/23,May_WetDays_23/24,May_WetDays_24/25,Jun_WetDays_17/18,Jun_WetDays_18/19,Jun_WetDays_19/20,Jun_WetDays_20/21,Jun_WetDays_21/22,Jun_WetDays_22/23,Jun_WetDays_23/24,Jun_WetDays_24/25,Jul_WetDays_17/18,Jul_WetDays_18/19,Jul_WetDays_19/20,Jul_WetDays_20/21,Jul_WetDays_21/22,Jul_WetDays_22/23,Jul_WetDays_23/24,Jul_WetDays_24/25,Aug_WetDays_17/18,Aug_WetDays_18/19,Aug_WetDays_19/20,Aug_WetDays_20/21,Aug_WetDays_21/22,Aug_WetDays_22/23,Aug_WetDays_23/24,Aug_WetDays_24/25,Sep_WetDays_17/18,Sep_WetDays_18/19,Sep_WetDays_19/20,Sep_WetDays_20/21,Sep_WetDays_21/22,Sep_WetDays_22/23,Sep_WetDays_23/24,Sep_WetDays_24/25,Oct_WetDays_17/18,Oct_WetDays_18/19,Oct_WetDays_19/20,Oct_WetDays_20/21,Oct_WetDays_21/22,Oct_WetDays_22/23,Oct_WetDays_23/24,Oct_WetDays_24/25,Nov_WetDays_17/18,Nov_WetDays_18/19,Nov_WetDays_19/20,Nov_WetDays_20/21,Nov_WetDays_21/22,Nov_WetDays_22/23,Nov_WetDays_23/24,Nov_WetDays_24/25,Dec_WetDays_17/18,Dec_WetDays_18/19,Dec_WetDays_19/20,Dec_WetDays_20/21,Dec_WetDays_21/22,Dec_WetDays_22/23,Dec_WetDays_23/24,Dec_WetDays_24/25,Jan_WetDays_17/18,Jan_WetDays_18/19,Jan_WetDays_20/21,Jan_WetDays_21/22,Jan_WetDays_22/23,Jan_WetDays_23/24,Jan_WetDays_24/25,Feb_WetDays_17/18,Feb_WetDays_18/19,Feb_WetDays_20/21,Feb_WetDays_21/22,Feb_WetDays_22/23,Feb_WetDays_23/24,Feb_WetDays_24/25,Mar_WetDays_17/18,Mar_WetDays_18/19,Mar_WetDays_19/20,Mar_WetDays_20/21,Mar_WetDays_21/22,Mar_WetDays_22/23,Mar_WetDays_23/24,Mar_WetDays_24/25,Sunshine_Hours_Jan_25/26,Sunshine_Hours_Feb_25/26,Sunshine_Hours_Mar_25/26,Sunshine_Hours_Apr_25/26,Sunshine_Hours_May_25/26,Sunshine_Hours_Jun_25/26,Sunshine_Hours_Jul_25/26,Sunshine_Hours_Aug_25/26,Carbon_%,Ph_Value,Plucking_Avg_Apr_23/24,Plucking_Avg_Apr_24/25,Plucking_Avg_Apr_25/26,Plucking_Avg_May_23/24,Plucking_Avg_May_24/25,Plucking_Avg_May_25/26,Plucking_Avg_Jun_23/24,Plucking_Avg_Jun_24/25,Plucking_Avg_Jun_25/26,Plucking_Avg_Jul_23/24,Plucking_Avg_Jul_24/25,Plucking_Avg_Jul_25/26,Plucking_Avg_Aug_23/24,Plucking_Avg_Aug_24/25,Plucking_Avg_Aug_25/26,Month_Current,Year_Current,Target_Days_Between_Harvests
LVO,1,  4.00 , VP ,1999,25-Sep-23,  24 ,  943 ,"  2,036 ",  809 ,"  1,069 ","  1,287 ","  1,687 ","  1,148 ","  1,843 ","  1,880 ",1489,1369,373,349,222,224,595,542,115,856,831,120,766,959,1324,428,94,466,932,495,524,481,378,793,24,383,809,605,363,670,674,772,598,1326,1055,1175,527,955,1393,107,326,442,275,441,682,845,484,540,478,708,480,686,593,745,1166,563,417,250,231,375,160,866,213,522,895,272,219,227,275,192,210,282,192,46,48,100,78,58,46,184,95,202,89,78,22,49,164,65,44,228,237,367,45,76,20,16,16,16,24,18,25,27,26,8,19,23,24,18,18,28,30,20,20,19,24,28,7,20,26,13,19,25,26,21,22,20,20,26,16,24,20,8,16,25,13,21,27,22,10,25,24,22,24,27,15,26,25,30,16,17,18,16,14,26,8,25,23,13,9,13,12,6,11,16,8,5,3,11,8,8,9,10,9,8,6,7,6,2,3,11,3,6,11,9,15,3,8,195,236,76,44,24,39,40,49.5,2.36,3.77,41.26,23.08,28.44,35.97,24.34,22.53,32.41,25.77,19.7,20.69,28.71,19.35,20.19,21.17,21.28,1,2026,1.41 days
LVO,2,  9.00 , VP ,1999,7-Apr-24,  17 ,  879 ,  843 ,"  1,315 ","  1,118 ","  1,674 ",  736 ,"  1,455 ","  1,628 ","  1,960 ",1193,1415,373,349,222,224,595,542,115,856,831,120,766,959,1324,428,94,466,932,495,524,481,378,793,24,383,809,605,363,670,674,772,598,1326,1055,1175,527,955,1393,107,326,442,275,441,682,845,484,540,478,708,480,686,593,745,1166,563,417,250,231,375,160,866,213,522,895,272,219,227,275,192,210,282,192,46,48,100,78,58,46,184,95,202,89,78,22,49,164,65,44,228,237,367,45,76,20,16,16,16,24,18,25,27,26,8,19,23,24,18,18,28,30,20,20,19,24,28,7,20,26,13,19,25,26,21,22,20,20,26,16,24,20,8,16,25,13,21,27,22,10,25,24,22,24,27,15,26,25,30,16,17,18,16,14,26,8,25,23,13,9,13,12,6,11,16,8,5,3,11,8,8,9,10,9,8,6,7,6,2,3,11,3,6,11,9,15,3,8,195,236,76,44,24,39,40,49.5,2.29,4.81,41.26,23.08,28.44,35.97,24.34,22.53,32.41,25.77,19.7,20.69,28.71,19.35,20.19,21.17,21.28,1,2026,1.41 days
LVO,3,  5.00 , VP ,1999,10-Feb-25,  7 ,  452 ,  967 ,"  1,652 ","  1,493 ",  805 ,"  1,732 ","  1,783 ","  1,938 ","  1,315 ",1363,1931,373,349,222,224,595,542,115,856,831,120,766,959,1324,428,94,466,932,495,524,481,378,793,24,383,809,605,363,670,674,772,598,1326,1055,1175,527,955,1393,107,326,442,275,441,682,845,484,540,478,708,480,686,593,745,1166,563,417,250,231,375,160,866,213,522,895,272,219,227,275,192,210,282,192,46,48,100,78,58,46,184,95,202,89,78,22,49,164,65,44,228,237,367,45,76,20,16,16,16,24,18,25,27,26,8,19,23,24,18,18,28,30,20,20,19,24,28,7,20,26,13,19,25,26,21,22,20,20,26,16,24,20,8,16,25,13,21,27,22,10,25,24,22,24,27,15,26,25,30,16,17,18,16,14,26,8,25,23,13,9,13,12,6,11,16,8,5,3,11,8,8,9,10,9,8,6,7,6,2,3,11,3,6,11,9,15,3,8,195,236,76,44,24,39,40,49.5,3.19,3.85,41.26,23.08,28.44,35.97,24.34,22.53,32.41,25.77,19.7,20.69,28.71,19.35,20.19,21.17,21.28,1,2026,1.41 days
LVO,3B,  5.00 , VP ,1999,26-Mar-24,  18 ,  919 ,"  1,120 ","  1,645 ","  1,475 ","  1,106 ","  1,221 ","  1,951 ","  1,876 ","  1,489 ",1290,1808,373,349,222,224,595,542,115,856,831,120,766,959,1324,428,94,466,932,495,524,481,378,793,24,383,809,605,363,670,674,772,598,1326,1055,1175,527,955,1393,107,326,442,275,441,682,845,484,540,478,708,480,686,593,745,1166,563,417,250,231,375,160,866,213,522,895,272,219,227,275,192,210,282,192,46,48,100,78,58,46,184,95,202,89,78,22,49,164,65,44,228,237,367,45,76,20,16,16,16,24,18,25,27,26,8,19,23,24,18,18,28,30,20,20,19,24,28,7,20,26,13,19,25,26,21,22,20,20,26,16,24,20,8,16,25,13,21,27,22,10,25,24,22,24,27,15,26,25,30,16,17,18,16,14,26,8,25,23,13,9,13,12,6,11,16,8,5,3,11,8,8,9,10,9,8,6,7,6,2,3,11,3,6,11,9,15,3,8,195,236,76,44,24,39,40,49.5,3.26,3.74,41.26,23.08,28.44,35.97,24.34,22.53,32.41,25.77,19.7,20.69,28.71,19.35,20.19,21.17,21.28,1,2026,1.41 days
LVO,5,  7.00 , VP ,1999,19-Aug-24,  13 ,"  1,000 ",  963 ,"  1,609 ","  1,344 ","  1,877 ","  1,072 ","  1,862 ","  2,307 ","  2,726 ",721,1891,373,349,222,224,595,542,115,856,831,120,766,959,1324,428,94,466,932,495,524,481,378,793,24,383,809,605,363,670,674,772,598,1326,1055,1175,527,955,1393,107,326,442,275,441,682,845,484,540,478,708,480,686,593,745,1166,563,417,250,231,375,160,866,213,522,895,272,219,227,275,192,210,282,192,46,48,100,78,58,46,184,95,202,89,78,22,49,164,65,44,228,237,367,45,76,20,16,16,16,24,18,25,27,26,8,19,23,24,18,18,28,30,20,20,19,24,28,7,20,26,13,19,25,26,21,22,20,20,26,16,24,20,8,16,25,13,21,27,22,10,25,24,22,24,27,15,26,25,30,16,17,18,16,14,26,8,25,23,13,9,13,12,6,11,16,8,5,3,11,8,8,9,10,9,8,6,7,6,2,3,11,3,6,11,9,15,3,8,195,236,76,44,24,39,40,49.5,3.11,3.88,41.26,23.08,28.44,35.97,24.34,22.53,32.41,25.77,19.7,20.69,28.71,19.35,20.19,21.17,21.28,1,2026,1.41 days
LVO,5A,  7.00 , VP ,1999,28-Mar-24,  18 ,  902 ,"  1,220 ","  1,139 ","  1,159 ","  1,838 ",  623 ,"  1,808 ","  2,759 ","  2,635 ",942,1715,373,349,222,224,595,542,115,856,831,120,766,959,1324,428,94,466,932,495,524,481,378,793,24,383,809,605,363,670,674,772,598,1326,1055,1175,527,955,1393,107,326,442,275,441,682,845,484,540,478,708,480,686,593,745,1166,563,417,250,231,375,160,866,213,522,895,272,219,227,275,192,210,282,192,46,48,100,78,58,46,184,95,202,89,78,22,49,164,65,44,228,237,367,45,76,20,16,16,16,24,18,25,27,26,8,19,23,24,18,18,28,30,20,20,19,24,28,7,20,26,13,19,25,26,21,22,20,20,26,16,24,20,8,16,25,13,21,27,22,10,25,24,22,24,27,15,26,25,30,16,17,18,16,14,26,8,25,23,13,9,13,12,6,11,16,8,5,3,11,8,8,9,10,9,8,6,7,6,2,3,11,3,6,11,9,15,3,8,195,236,76,44,24,39,40,49.5,1.61,5.42,41.26,23.08,28.44,35.97,24.34,22.53,32.41,25.77,19.7,20.69,28.71,19.35,20.19,21.17,21.28,1,2026,1.41 days
LVO,6,  6.00 , VP ,1999,12-Aug-25,  1 ,  155 ,"  1,515 ","  1,503 ","  1,129 ",  931 ,"  2,008 ","  2,035 ","  1,292 ","  1,655 ",1405,2083,373,349,222,224,595,542,115,856,831,120,766,959,1324,428,94,466,932,495,524,481,378,793,24,383,809,605,363,670,674,772,598,1326,1055,1175,527,955,1393,107,326,442,275,441,682,845,484,540,478,708,480,686,593,745,1166,563,417,250,231,375,160,866,213,522,895,272,219,227,275,192,210,282,192,46,48,100,78,58,46,184,95,202,89,78,22,49,164,65,44,228,237,367,45,76,20,16,16,16,24,18,25,27,26,8,19,23,24,18,18,28,30,20,20,19,24,28,7,20,26,13,19,25,26,21,22,20,20,26,16,24,20,8,16,25,13,21,27,22,10,25,24,22,24,27,15,26,25,30,16,17,18,16,14,26,8,25,23,13,9,13,12,6,11,16,8,5,3,11,8,8,9,10,9,8,6,7,6,2,3,11,3,6,11,9,15,3,8,195,236,76,44,24,39,40,49.5,2.78,4.36,41.26,23.08,28.44,35.97,24.34,22.53,32.41,25.77,19.7,20.69,28.71,19.35,20.19,21.17,21.28,1,2026,1.41 days
LVO,6A,  5.00 , VP ,1999,31-Aug-22,  37 ,  781 ,"  1,588 ","  1,849 ",  632 ,"  1,511 ","  2,215 ","  2,180 ","  1,267 ","  2,393 ",1577,2444,373,349,222,224,595,542,115,856,831,120,766,959,1324,428,94,466,932,495,524,481,378,793,24,383,809,605,363,670,674,772,598,1326,1055,1175,527,955,1393,107,326,442,275,441,682,845,484,540,478,708,480,686,593,745,1166,563,417,250,231,375,160,866,213,522,895,272,219,227,275,192,210,282,192,46,48,100,78,58,46,184,95,202,89,78,22,49,164,65,44,228,237,367,45,76,20,16,16,16,24,18,25,27,26,8,19,23,24,18,18,28,30,20,20,19,24,28,7,20,26,13,19,25,26,21,22,20,20,26,16,24,20,8,16,25,13,21,27,22,10,25,24,22,24,27,15,26,25,30,16,17,18,16,14,26,8,25,23,13,9,13,12,6,11,16,8,5,3,11,8,8,9,10,9,8,6,7,6,2,3,11,3,6,11,9,15,3,8,195,236,76,44,24,39,40,49.5,2.96,3.3,41.26,23.08,28.44,35.97,24.34,22.53,32.41,25.77,19.7,20.69,28.71,19.35,20.19,21.17,21.28,1,2026,1.41 days
LVO,7,  7.00 , VP ,1999,18-Aug-23,  25 ,  872 ,"  1,706 ",  844 ,"  1,385 ","  1,656 ","  1,792 ","  1,287 ","  2,019 ","  2,245 ",1791,1267,373,349,222,224,595,542,115,856,831,120,766,959,1324,428,94,466,932,495,524,481,378,793,24,383,809,605,363,670,674,772,598,1326,1055,1175,527,955,1393,107,326,442,275,441,682,845,484,540,478,708,480,686,593,745,1166,563,417,250,231,375,160,866,213,522,895,272,219,227,275,192,210,282,192,46,48,100,78,58,46,184,95,202,89,78,22,49,164,65,44,228,237,367,45,76,20,16,16,16,24,18,25,27,26,8,19,23,24,18,18,28,30,20,20,19,24,28,7,20,26,13,19,25,26,21,22,20,20,26,16,24,20,8,16,25,13,21,27,22,10,25,24,22,24,27,15,26,25,30,16,17,18,16,14,26,8,25,23,13,9,13,12,6,11,16,8,5,3,11,8,8,9,10,9,8,6,7,6,2,3,11,3,6,11,9,15,3,8,195,236,76,44,24,39,40,49.5,2.14,4.53,41.26,23.08,28.44,35.97,24.34,22.53,32.41,25.77,19.7,20.69,28.71,19.35,20.19,21.17,21.28,1,2026,1.41 days
LVO,7A,  6.00 , VP ,1999,13-Sep-23,  24 ,  937 ,"  1,628 ",  691 ,"  1,191 ","  1,549 ","  1,956 ","  1,405 ","  1,797 ","  1,792 ",1574,933,373,349,222,224,595,542,115,856,831,120,766,959,1324,428,94,466,932,495,524,481,378,793,24,383,809,605,363,670,674,772,598,1326,1055,1175,527,955,1393,107,326,442,275,441,682,845,484,540,478,708,480,686,593,745,1166,563,417,250,231,375,160,866,213,522,895,272,219,227,275,192,210,282,192,46,48,100,78,58,46,184,95,202,89,78,22,49,164,65,44,228,237,367,45,76,20,16,16,16,24,18,25,27,26,8,19,23,24,18,18,28,30,20,20,19,24,28,7,20,26,13,19,25,26,21,22,20,20,26,16,24,20,8,16,25,13,21,27,22,10,25,24,22,24,27,15,26,25,30,16,17,18,16,14,26,8,25,23,13,9,13,12,6,11,16,8,5,3,11,8,8,9,10,9,8,6,7,6,2,3,11,3,6,11,9,15,3,8,195,236,76,44,24,39,40,49.5,2.66,4.72,41.26,23.08,28.44,35.97,24.34,22.53,32.41,25.77,19.7,20.69,28.71,19.35,20.19,21.17,21.28,1,2026,1.41 days
LVO,8,  8.50 , VP ,1999,29-Aug-24,  12 ,  947 ,  875 ,"  1,425 ","  1,108 ","  1,771 ",  767 ,"  1,647 ","  1,839 ","  2,142 ",1251,1419,373,349,222,224,595,542,115,856,831,120,766,959,1324,428,94,466,932,495,524,481,378,793,24,383,809,605,363,670,674,772,598,1326,1055,1175,527,955,1393,107,326,442,275,441,682,845,484,540,478,708,480,686,593,745,1166,563,417,250,231,375,160,866,213,522,895,272,219,227,275,192,210,282,192,46,48,100,78,58,46,184,95,202,89,78,22,49,164,65,44,228,237,367,45,76,20,16,16,16,24,18,25,27,26,8,19,23,24,18,18,28,30,20,20,19,24,28,7,20,26,13,19,25,26,21,22,20,20,26,16,24,20,8,16,25,13,21,27,22,10,25,24,22,24,27,15,26,25,30,16,17,18,16,14,26,8,25,23,13,9,13,12,6,11,16,8,5,3,11,8,8,9,10,9,8,6,7,6,2,3,11,3,6,11,9,15,3,8,195,236,76,44,24,39,40,49.5,2.14,3.87,41.26,23.08,28.44,35.97,24.34,22.53,32.41,25.77,19.7,20.69,28.71,19.35,20.19,21.17,21.28,1,2026,1.41 days
LVO,9A,  5.00 , VP ,1999,31-Mar-23,  30 ,  841 ,"  1,488 ","  1,159 ","  1,151 ","  1,481 ","  1,487 ","  1,059 ","  1,478 ","  1,744 ",1327,1030,373,349,222,224,595,542,115,856,831,120,766,959,1324,428,94,466,932,495,524,481,378,793,24,383,809,605,363,670,674,772,598,1326,1055,1175,527,955,1393,107,326,442,275,441,682,845,484,540,478,708,480,686,593,745,1166,563,417,250,231,375,160,866,213,522,895,272,219,227,275,192,210,282,192,46,48,100,78,58,46,184,95,202,89,78,22,49,164,65,44,228,237,367,45,76,20,16,16,16,24,18,25,27,26,8,19,23,24,18,18,28,30,20,20,19,24,28,7,20,26,13,19,25,26,21,22,20,20,26,16,24,20,8,16,25,13,21,27,22,10,25,24,22,24,27,15,26,25,30,16,17,18,16,14,26,8,25,23,13,9,13,12,6,11,16,8,5,3,11,8,8,9,10,9,8,6,7,6,2,3,11,3,6,11,9,15,3,8,195,236,76,44,24,39,40,49.5,2.34,5.84,41.26,23.08,28.44,35.97,24.34,22.53,32.41,25.77,19.7,20.69,28.71,19.35,20.19,21.17,21.28,1,2026,1.41 days
LVO,9B,  5.00 , VP ,1999,28-Feb-25,  6 ,  424 ,"  1,533 ","  1,740 ","  1,542 ","  1,088 ","  1,973 ","  2,130 ","  2,742 ","  1,544 ",1803,2642,373,349,222,224,595,542,115,856,831,120,766,959,1324,428,94,466,932,495,524,481,378,793,24,383,809,605,363,670,674,772,598,1326,1055,1175,527,955,1393,107,326,442,275,441,682,845,484,540,478,708,480,686,593,745,1166,563,417,250,231,375,160,866,213,522,895,272,219,227,275,192,210,282,192,46,48,100,78,58,46,184,95,202,89,78,22,49,164,65,44,228,237,367,45,76,20,16,16,16,24,18,25,27,26,8,19,23,24,18,18,28,30,20,20,19,24,28,7,20,26,13,19,25,26,21,22,20,20,26,16,24,20,8,16,25,13,21,27,22,10,25,24,22,24,27,15,26,25,30,16,17,18,16,14,26,8,25,23,13,9,13,12,6,11,16,8,5,3,11,8,8,9,10,9,8,6,7,6,2,3,11,3,6,11,9,15,3,8,195,236,76,44,24,39,40,49.5,1.39,4.73,41.26,23.08,28.44,35.97,24.34,22.53,32.41,25.77,19.7,20.69,28.71,19.35,20.19,21.17,21.28,1,2026,1.41 days
LVO,9C,  5.00 , VP ,1999,20-Mar-23,  30 ,  643 ,"  1,349 ","  1,277 ",  920 ,"  1,369 ","  1,431 ","  1,256 ","  1,351 ","  1,399 ",1292,1125,373,349,222,224,595,542,115,856,831,120,766,959,1324,428,94,466,932,495,524,481,378,793,24,383,809,605,363,670,674,772,598,1326,1055,1175,527,955,1393,107,326,442,275,441,682,845,484,540,478,708,480,686,593,745,1166,563,417,250,231,375,160,866,213,522,895,272,219,227,275,192,210,282,192,46,48,100,78,58,46,184,95,202,89,78,22,49,164,65,44,228,237,367,45,76,20,16,16,16,24,18,25,27,26,8,19,23,24,18,18,28,30,20,20,19,24,28,7,20,26,13,19,25,26,21,22,20,20,26,16,24,20,8,16,25,13,21,27,22,10,25,24,22,24,27,15,26,25,30,16,17,18,16,14,26,8,25,23,13,9,13,12,6,11,16,8,5,3,11,8,8,9,10,9,8,6,7,6,2,3,11,3,6,11,9,15,3,8,195,236,76,44,24,39,40,49.5,2.27,5.48,41.26,23.08,28.44,35.97,24.34,22.53,32.41,25.77,19.7,20.69,28.71,19.35,20.19,21.17,21.28,1,2026,1.41 days
LVO,9D,  5.00 , VP ,1999,21-Mar-22,  42 ,  269 ,"  1,428 ","  1,546 ",  658 ,"  1,296 ","  2,017 ","  2,146 ","  1,116 ","  1,950 ",1544,2260,373,349,222,224,595,542,115,856,831,120,766,959,1324,428,94,466,932,495,524,481,378,793,24,383,809,605,363,670,674,772,598,1326,1055,1175,527,955,1393,107,326,442,275,441,682,845,484,540,478,708,480,686,593,745,1166,563,417,250,231,375,160,866,213,522,895,272,219,227,275,192,210,282,192,46,48,100,78,58,46,184,95,202,89,78,22,49,164,65,44,228,237,367,45,76,20,16,16,16,24,18,25,27,26,8,19,23,24,18,18,28,30,20,20,19,24,28,7,20,26,13,19,25,26,21,22,20,20,26,16,24,20,8,16,25,13,21,27,22,10,25,24,22,24,27,15,26,25,30,16,17,18,16,14,26,8,25,23,13,9,13,12,6,11,16,8,5,3,11,8,8,9,10,9,8,6,7,6,2,3,11,3,6,11,9,15,3,8,195,236,76,44,24,39,40,49.5,2.81,3.68,41.26,23.08,28.44,35.97,24.34,22.53,32.41,25.77,19.7,20.69,28.71,19.35,20.19,21.17,21.28,1,2026,1.41 days
LVO,4,,,,,,,  -   ,  -   ,  -   ,  -   ,  -   ,  -   ,  -   ,  -   ,645,991,373,349,222,224,595,542,115,856,831,120,766,959,1324,428,94,466,932,495,524,481,378,793,24,383,809,605,363,670,674,772,598,1326,1055,1175,527,955,1393,107,326,442,275,441,682,845,484,540,478,708,480,686,593,745,1166,563,417,250,231,375,160,866,213,522,895,272,219,227,275,192,210,282,192,46,48,100,78,58,46,184,95,202,89,78,22,49,164,65,44,228,237,367,45,76,20,16,16,16,24,18,25,27,26,8,19,23,24,18,18,28,30,20,20,19,24,28,7,20,26,13,19,25,26,21,22,20,20,26,16,24,20,8,16,25,13,21,27,22,10,25,24,22,24,27,15,26,25,30,16,17,18,16,14,26,8,25,23,13,9,13,12,6,11,16,8,5,3,11,8,8,9,10,9,8,6,7,6,2,3,11,3,6,11,9,15,3,8,195,236,76,44,24,39,40,49.5,-,-,41.26,23.08,28.44,35.97,24.34,22.53,32.41,25.77,19.7,20.69,28.71,19.35,20.19,21.17,21.28,1,2026,1.41 days
LVO,4B,,,,,,,  -   ,  -   ,  -   ,  -   ,  -   ,  -   ,  -   ,  -   ,484,1011,373,349,222,224,595,542,115,856,831,120,766,959,1324,428,94,466,932,495,524,481,378,793,24,383,809,605,363,670,674,772,598,1326,1055,1175,527,955,1393,107,326,442,275,441,682,845,484,540,478,708,480,686,593,745,1166,563,417,250,231,375,160,866,213,522,895,272,219,227,275,192,210,282,192,46,48,100,78,58,46,184,95,202,89,78,22,49,164,65,44,228,237,367,45,76,20,16,16,16,24,18,25,27,26,8,19,23,24,18,18,28,30,20,20,19,24,28,7,20,26,13,19,25,26,21,22,20,20,26,16,24,20,8,16,25,13,21,27,22,10,25,24,22,24,27,15,26,25,30,16,17,18,16,14,26,8,25,23,13,9,13,12,6,11,16,8,5,3,11,8,8,9,10,9,8,6,7,6,2,3,11,3,6,11,9,15,3,8,195,236,76,44,24,39,40,49.5,-,-,41.26,23.08,28.44,35.97,24.34,22.53,32.41,25.77,19.7,20.69,28.71,19.35,20.19,21.17,21.28,1,2026,1.41 days
UVO,11,  3.00 ,,,29-Aug-24,  12 ,"  1,025 ",  658 ,"  1,790 ","  1,669 ","  2,118 ","  1,595 ","  2,031 ","  2,340 ","  2,756 ",1720,1730,373,349,222,224,595,542,115,856,831,120,766,959,1324,428,94,466,932,495,524,481,378,793,24,383,809,605,363,670,674,772,598,1326,1055,1175,527,955,1393,107,326,442,275,441,682,845,484,540,478,708,480,686,593,745,1166,563,417,250,231,375,160,866,213,522,895,272,219,227,275,192,210,282,192,46,48,100,78,58,46,184,95,202,89,78,22,49,164,65,44,228,237,367,45,76,20,16,16,16,24,18,25,27,26,8,19,23,24,18,18,28,30,20,20,19,24,28,7,20,26,13,19,25,26,21,22,20,20,26,16,24,20,8,16,25,13,21,27,22,10,25,24,22,24,27,15,26,25,30,16,17,18,16,14,26,8,25,23,13,9,13,12,6,11,16,8,5,3,11,8,8,9,10,9,8,6,7,6,2,3,11,3,6,11,9,15,3,8,195,236,76,44,24,39,40,49.5,2.89,4.61,23.53,20.56,28.38,23.71,22.3,23.08,22.37,20.88,19.67,17.29,24,20.05,19.86,17.35,19.12,1,2026,1.57 days
UVO,12,  4.00 , VP ,,25-Feb-22,  43 ,  262 ,"  1,400 ","  1,470 ","  1,364 ","  1,039 ","  1,062 ","  1,753 ","  2,199 ","  1,188 ",1557,1870,373,349,222,224,595,542,115,856,831,120,766,959,1324,428,94,466,932,495,524,481,378,793,24,383,809,605,363,670,674,772,598,1326,1055,1175,527,955,1393,107,326,442,275,441,682,845,484,540,478,708,480,686,593,745,1166,563,417,250,231,375,160,866,213,522,895,272,219,227,275,192,210,282,192,46,48,100,78,58,46,184,95,202,89,78,22,49,164,65,44,228,237,367,45,76,20,16,16,16,24,18,25,27,26,8,19,23,24,18,18,28,30,20,20,19,24,28,7,20,26,13,19,25,26,21,22,20,20,26,16,24,20,8,16,25,13,21,27,22,10,25,24,22,24,27,15,26,25,30,16,17,18,16,14,26,8,25,23,13,9,13,12,6,11,16,8,5,3,11,8,8,9,10,9,8,6,7,6,2,3,11,3,6,11,9,15,3,8,195,236,76,44,24,39,40,49.5,1.2,6.61,23.53,20.56,28.38,23.71,22.3,23.08,22.37,20.88,19.67,17.29,24,20.05,19.86,17.35,19.12,1,2026,1.57 days
UVO,13,  6.00 , VP ,,31-Aug-22,  37 ,  812 ,"  1,279 ","  1,329 ",  696 ,  960 ,"  1,382 ","  1,565 ","  1,179 ","  2,121 ",1547,1913,373,349,222,224,595,542,115,856,831,120,766,959,1324,428,94,466,932,495,524,481,378,793,24,383,809,605,363,670,674,772,598,1326,1055,1175,527,955,1393,107,326,442,275,441,682,845,484,540,478,708,480,686,593,745,1166,563,417,250,231,375,160,866,213,522,895,272,219,227,275,192,210,282,192,46,48,100,78,58,46,184,95,202,89,78,22,49,164,65,44,228,237,367,45,76,20,16,16,16,24,18,25,27,26,8,19,23,24,18,18,28,30,20,20,19,24,28,7,20,26,13,19,25,26,21,22,20,20,26,16,24,20,8,16,25,13,21,27,22,10,25,24,22,24,27,15,26,25,30,16,17,18,16,14,26,8,25,23,13,9,13,12,6,11,16,8,5,3,11,8,8,9,10,9,8,6,7,6,2,3,11,3,6,11,9,15,3,8,195,236,76,44,24,39,40,49.5,3.23,4.36,23.53,20.56,28.38,23.71,22.3,23.08,22.37,20.88,19.67,17.29,24,20.05,19.86,17.35,19.12,1,2026,1.57 days
UVO,13A,  4.00 , VP ,,20-Aug-25,  1 ,  507 ,"  1,156 ","  1,697 ",  568 ,"  1,259 ","  1,453 ","  1,660 ",  774 ,"  1,559 ",1561,2029,373,349,222,224,595,542,115,856,831,120,766,959,1324,428,94,466,932,495,524,481,378,793,24,383,809,605,363,670,674,772,598,1326,1055,1175,527,955,1393,107,326,442,275,441,682,845,484,540,478,708,480,686,593,745,1166,563,417,250,231,375,160,866,213,522,895,272,219,227,275,192,210,282,192,46,48,100,78,58,46,184,95,202,89,78,22,49,164,65,44,228,237,367,45,76,20,16,16,16,24,18,25,27,26,8,19,23,24,18,18,28,30,20,20,19,24,28,7,20,26,13,19,25,26,21,22,20,20,26,16,24,20,8,16,25,13,21,27,22,10,25,24,22,24,27,15,26,25,30,16,17,18,16,14,26,8,25,23,13,9,13,12,6,11,16,8,5,3,11,8,8,9,10,9,8,6,7,6,2,3,11,3,6,11,9,15,3,8,195,236,76,44,24,39,40,49.5,2.7,6.38,23.53,20.56,28.38,23.71,22.3,23.08,22.37,20.88,19.67,17.29,24,20.05,19.86,17.35,19.12,1,2026,1.57 days
UVO,17,  4.00 , VP ,,20-Aug-25,  1 ,  146 ,"  1,516 ","  1,886 ","  1,774 ",  820 ,"  2,028 ","  2,616 ","  2,387 ","  1,409 ",2059,2440,373,349,222,224,595,542,115,856,831,120,766,959,1324,428,94,466,932,495,524,481,378,793,24,383,809,605,363,670,674,772,598,1326,1055,1175,527,955,1393,107,326,442,275,441,682,845,484,540,478,708,480,686,593,745,1166,563,417,250,231,375,160,866,213,522,895,272,219,227,275,192,210,282,192,46,48,100,78,58,46,184,95,202,89,78,22,49,164,65,44,228,237,367,45,76,20,16,16,16,24,18,25,27,26,8,19,23,24,18,18,28,30,20,20,19,24,28,7,20,26,13,19,25,26,21,22,20,20,26,16,24,20,8,16,25,13,21,27,22,10,25,24,22,24,27,15,26,25,30,16,17,18,16,14,26,8,25,23,13,9,13,12,6,11,16,8,5,3,11,8,8,9,10,9,8,6,7,6,2,3,11,3,6,11,9,15,3,8,195,236,76,44,24,39,40,49.5,2.18,5.51,23.53,20.56,28.38,23.71,22.3,23.08,22.37,20.88,19.67,17.29,24,20.05,19.86,17.35,19.12,1,2026,1.57 days
UVO,18,  7.00 , VP ,,23-Feb-23,  31 ,  618 ,"  1,070 ","  1,147 ",  755 ,"  1,342 ","  1,391 ",  654 ,"  1,523 ","  1,715 ",1411,1413,373,349,222,224,595,542,115,856,831,120,766,959,1324,428,94,466,932,495,524,481,378,793,24,383,809,605,363,670,674,772,598,1326,1055,1175,527,955,1393,107,326,442,275,441,682,845,484,540,478,708,480,686,593,745,1166,563,417,250,231,375,160,866,213,522,895,272,219,227,275,192,210,282,192,46,48,100,78,58,46,184,95,202,89,78,22,49,164,65,44,228,237,367,45,76,20,16,16,16,24,18,25,27,26,8,19,23,24,18,18,28,30,20,20,19,24,28,7,20,26,13,19,25,26,21,22,20,20,26,16,24,20,8,16,25,13,21,27,22,10,25,24,22,24,27,15,26,25,30,16,17,18,16,14,26,8,25,23,13,9,13,12,6,11,16,8,5,3,11,8,8,9,10,9,8,6,7,6,2,3,11,3,6,11,9,15,3,8,195,236,76,44,24,39,40,49.5,1.98,6.02,23.53,20.56,28.38,23.71,22.3,23.08,22.37,20.88,19.67,17.29,24,20.05,19.86,17.35,19.12,1,2026,1.57 days
UVO,18A,  3.00 , VP ,,18-Sep-23,  24 ,  963 ,"  1,666 ",  623 ,  886 ,"  1,305 ","  1,983 ","  1,011 ","  1,901 ","  1,755 ",1770,1448,373,349,222,224,595,542,115,856,831,120,766,959,1324,428,94,466,932,495,524,481,378,793,24,383,809,605,363,670,674,772,598,1326,1055,1175,527,955,1393,107,326,442,275,441,682,845,484,540,478,708,480,686,593,745,1166,563,417,250,231,375,160,866,213,522,895,272,219,227,275,192,210,282,192,46,48,100,78,58,46,184,95,202,89,78,22,49,164,65,44,228,237,367,45,76,20,16,16,16,24,18,25,27,26,8,19,23,24,18,18,28,30,20,20,19,24,28,7,20,26,13,19,25,26,21,22,20,20,26,16,24,20,8,16,25,13,21,27,22,10,25,24,22,24,27,15,26,25,30,16,17,18,16,14,26,8,25,23,13,9,13,12,6,11,16,8,5,3,11,8,8,9,10,9,8,6,7,6,2,3,11,3,6,11,9,15,3,8,195,236,76,44,24,39,40,49.5,1.24,5.36,23.53,20.56,28.38,23.71,22.3,23.08,22.37,20.88,19.67,17.29,24,20.05,19.86,17.35,19.12,1,2026,1.57 days
UVO,19A,  5.00 , VP ,,4-Mar-24,  18 ,"  1,034 ","  1,236 ","  1,292 ","  1,408 ","  1,760 ","  1,099 ","  1,694 ","  2,124 ","  2,025 ",1342,2179,373,349,222,224,595,542,115,856,831,120,766,959,1324,428,94,466,932,495,524,481,378,793,24,383,809,605,363,670,674,772,598,1326,1055,1175,527,955,1393,107,326,442,275,441,682,845,484,540,478,708,480,686,593,745,1166,563,417,250,231,375,160,866,213,522,895,272,219,227,275,192,210,282,192,46,48,100,78,58,46,184,95,202,89,78,22,49,164,65,44,228,237,367,45,76,20,16,16,16,24,18,25,27,26,8,19,23,24,18,18,28,30,20,20,19,24,28,7,20,26,13,19,25,26,21,22,20,20,26,16,24,20,8,16,25,13,21,27,22,10,25,24,22,24,27,15,26,25,30,16,17,18,16,14,26,8,25,23,13,9,13,12,6,11,16,8,5,3,11,8,8,9,10,9,8,6,7,6,2,3,11,3,6,11,9,15,3,8,195,236,76,44,24,39,40,49.5,2.03,6.64,23.53,20.56,28.38,23.71,22.3,23.08,22.37,20.88,19.67,17.29,24,20.05,19.86,17.35,19.12,1,2026,1.57 days
UVO,19B,  8.00 , VP ,,15-Mar-23,  30 ,  631 ,"  1,296 ","  1,219 ",  994 ,"  1,584 ","  1,815 ","  1,526 ","  1,438 ","  2,232 ",1602,1097,373,349,222,224,595,542,115,856,831,120,766,959,1324,428,94,466,932,495,524,481,378,793,24,383,809,605,363,670,674,772,598,1326,1055,1175,527,955,1393,107,326,442,275,441,682,845,484,540,478,708,480,686,593,745,1166,563,417,250,231,375,160,866,213,522,895,272,219,227,275,192,210,282,192,46,48,100,78,58,46,184,95,202,89,78,22,49,164,65,44,228,237,367,45,76,20,16,16,16,24,18,25,27,26,8,19,23,24,18,18,28,30,20,20,19,24,28,7,20,26,13,19,25,26,21,22,20,20,26,16,24,20,8,16,25,13,21,27,22,10,25,24,22,24,27,15,26,25,30,16,17,18,16,14,26,8,25,23,13,9,13,12,6,11,16,8,5,3,11,8,8,9,10,9,8,6,7,6,2,3,11,3,6,11,9,15,3,8,195,236,76,44,24,39,40,49.5,1.83,5.76,23.53,20.56,28.38,23.71,22.3,23.08,22.37,20.88,19.67,17.29,24,20.05,19.86,17.35,19.12,1,2026,1.57 days
UVO,19C,  5.00 , VP ,,1-Aug-24,  13 ,  921 ,  622 ,"  1,393 ","  1,263 ","  1,697 ",  858 ,"  1,643 ","  1,816 ","  1,938 ",1177,1862,373,349,222,224,595,542,115,856,831,120,766,959,1324,428,94,466,932,495,524,481,378,793,24,383,809,605,363,670,674,772,598,1326,1055,1175,527,955,1393,107,326,442,275,441,682,845,484,540,478,708,480,686,593,745,1166,563,417,250,231,375,160,866,213,522,895,272,219,227,275,192,210,282,192,46,48,100,78,58,46,184,95,202,89,78,22,49,164,65,44,228,237,367,45,76,20,16,16,16,24,18,25,27,26,8,19,23,24,18,18,28,30,20,20,19,24,28,7,20,26,13,19,25,26,21,22,20,20,26,16,24,20,8,16,25,13,21,27,22,10,25,24,22,24,27,15,26,25,30,16,17,18,16,14,26,8,25,23,13,9,13,12,6,11,16,8,5,3,11,8,8,9,10,9,8,6,7,6,2,3,11,3,6,11,9,15,3,8,195,236,76,44,24,39,40,49.5,3,6.45,23.53,20.56,28.38,23.71,22.3,23.08,22.37,20.88,19.67,17.29,24,20.05,19.86,17.35,19.12,1,2026,1.57 days
UVO,20A,  6.00 , VP ,,28-Mar-25,  5 ,  165 ,"  1,018 ","  1,384 ",  923 ,"  1,336 ","  1,331 ","  1,616 ",  934 ,"  1,539 ",1119,2124,373,349,222,224,595,542,115,856,831,120,766,959,1324,428,94,466,932,495,524,481,378,793,24,383,809,605,363,670,674,772,598,1326,1055,1175,527,955,1393,107,326,442,275,441,682,845,484,540,478,708,480,686,593,745,1166,563,417,250,231,375,160,866,213,522,895,272,219,227,275,192,210,282,192,46,48,100,78,58,46,184,95,202,89,78,22,49,164,65,44,228,237,367,45,76,20,16,16,16,24,18,25,27,26,8,19,23,24,18,18,28,30,20,20,19,24,28,7,20,26,13,19,25,26,21,22,20,20,26,16,24,20,8,16,25,13,21,27,22,10,25,24,22,24,27,15,26,25,30,16,17,18,16,14,26,8,25,23,13,9,13,12,6,11,16,8,5,3,11,8,8,9,10,9,8,6,7,6,2,3,11,3,6,11,9,15,3,8,195,236,76,44,24,39,40,49.5,2.93,4.86,23.53,20.56,28.38,23.71,22.3,23.08,22.37,20.88,19.67,17.29,24,20.05,19.86,17.35,19.12,1,2026,1.57 days
UVO,20B,  5.00 , VP ,,11-Sep-24,  12 ,  784 ,  616 ,"  1,222 ","  1,405 ",  992 ,"  1,063 ","  1,165 ","  2,114 ","  1,511 ",1184,1704,373,349,222,224,595,542,115,856,831,120,766,959,1324,428,94,466,932,495,524,481,378,793,24,383,809,605,363,670,674,772,598,1326,1055,1175,527,955,1393,107,326,442,275,441,682,845,484,540,478,708,480,686,593,745,1166,563,417,250,231,375,160,866,213,522,895,272,219,227,275,192,210,282,192,46,48,100,78,58,46,184,95,202,89,78,22,49,164,65,44,228,237,367,45,76,20,16,16,16,24,18,25,27,26,8,19,23,24,18,18,28,30,20,20,19,24,28,7,20,26,13,19,25,26,21,22,20,20,26,16,24,20,8,16,25,13,21,27,22,10,25,24,22,24,27,15,26,25,30,16,17,18,16,14,26,8,25,23,13,9,13,12,6,11,16,8,5,3,11,8,8,9,10,9,8,6,7,6,2,3,11,3,6,11,9,15,3,8,195,236,76,44,24,39,40,49.5,2.66,5.81,23.53,20.56,28.38,23.71,22.3,23.08,22.37,20.88,19.67,17.29,24,20.05,19.86,17.35,19.12,1,2026,1.57 days
UVO,20C,  5.00 , VP ,,24-Apr-24,  17 ,  703 ,  708 ,  942 ,"  1,371 ",  949 ,"  1,118 ","  1,275 ","  2,068 ","  1,376 ",1444,1975,373,349,222,224,595,542,115,856,831,120,766,959,1324,428,94,466,932,495,524,481,378,793,24,383,809,605,363,670,674,772,598,1326,1055,1175,527,955,1393,107,326,442,275,441,682,845,484,540,478,708,480,686,593,745,1166,563,417,250,231,375,160,866,213,522,895,272,219,227,275,192,210,282,192,46,48,100,78,58,46,184,95,202,89,78,22,49,164,65,44,228,237,367,45,76,20,16,16,16,24,18,25,27,26,8,19,23,24,18,18,28,30,20,20,19,24,28,7,20,26,13,19,25,26,21,22,20,20,26,16,24,20,8,16,25,13,21,27,22,10,25,24,22,24,27,15,26,25,30,16,17,18,16,14,26,8,25,23,13,9,13,12,6,11,16,8,5,3,11,8,8,9,10,9,8,6,7,6,2,3,11,3,6,11,9,15,3,8,195,236,76,44,24,39,40,49.5,3.08,5.98,23.53,20.56,28.38,23.71,22.3,23.08,22.37,20.88,19.67,17.29,24,20.05,19.86,17.35,19.12,1,2026,1.57 days
UVO,21,  6.00 , VP ,,26-Feb-23,  31 ,  640 ,"  1,290 ",  986 ,"  1,196 ","  1,575 ","  1,267 ","  1,196 ","  1,592 ","  2,231 ",1670,1192,373,349,222,224,595,542,115,856,831,120,766,959,1324,428,94,466,932,495,524,481,378,793,24,383,809,605,363,670,674,772,598,1326,1055,1175,527,955,1393,107,326,442,275,441,682,845,484,540,478,708,480,686,593,745,1166,563,417,250,231,375,160,866,213,522,895,272,219,227,275,192,210,282,192,46,48,100,78,58,46,184,95,202,89,78,22,49,164,65,44,228,237,367,45,76,20,16,16,16,24,18,25,27,26,8,19,23,24,18,18,28,30,20,20,19,24,28,7,20,26,13,19,25,26,21,22,20,20,26,16,24,20,8,16,25,13,21,27,22,10,25,24,22,24,27,15,26,25,30,16,17,18,16,14,26,8,25,23,13,9,13,12,6,11,16,8,5,3,11,8,8,9,10,9,8,6,7,6,2,3,11,3,6,11,9,15,3,8,195,236,76,44,24,39,40,49.5,1.83,4.93,23.53,20.56,28.38,23.71,22.3,23.08,22.37,20.88,19.67,17.29,24,20.05,19.86,17.35,19.12,1,2026,1.57 days
UVO,21A,  5.00 , VP ,,31-Aug-23,  24 ,  930 ,"  1,808 ",  949 ,"  1,617 ","  2,231 ","  1,955 ","  1,918 ","  2,391 ","  3,056 ",2346,1845,373,349,222,224,595,542,115,856,831,120,766,959,1324,428,94,466,932,495,524,481,378,793,24,383,809,605,363,670,674,772,598,1326,1055,1175,527,955,1393,107,326,442,275,441,682,845,484,540,478,708,480,686,593,745,1166,563,417,250,231,375,160,866,213,522,895,272,219,227,275,192,210,282,192,46,48,100,78,58,46,184,95,202,89,78,22,49,164,65,44,228,237,367,45,76,20,16,16,16,24,18,25,27,26,8,19,23,24,18,18,28,30,20,20,19,24,28,7,20,26,13,19,25,26,21,22,20,20,26,16,24,20,8,16,25,13,21,27,22,10,25,24,22,24,27,15,26,25,30,16,17,18,16,14,26,8,25,23,13,9,13,12,6,11,16,8,5,3,11,8,8,9,10,9,8,6,7,6,2,3,11,3,6,11,9,15,3,8,195,236,76,44,24,39,40,49.5,2.06,4.91,23.53,20.56,28.38,23.71,22.3,23.08,22.37,20.88,19.67,17.29,24,20.05,19.86,17.35,19.12,1,2026,1.57 days
UVO,22,  7.00 , VP ,,18-Mar-24,  18 ,"  1,000 ","  1,307 ","  1,426 ","  1,782 ","  1,979 ","  1,166 ","  2,577 ","  2,935 ","  3,174 ",1247,2694,373,349,222,224,595,542,115,856,831,120,766,959,1324,428,94,466,932,495,524,481,378,793,24,383,809,605,363,670,674,772,598,1326,1055,1175,527,955,1393,107,326,442,275,441,682,845,484,540,478,708,480,686,593,745,1166,563,417,250,231,375,160,866,213,522,895,272,219,227,275,192,210,282,192,46,48,100,78,58,46,184,95,202,89,78,22,49,164,65,44,228,237,367,45,76,20,16,16,16,24,18,25,27,26,8,19,23,24,18,18,28,30,20,20,19,24,28,7,20,26,13,19,25,26,21,22,20,20,26,16,24,20,8,16,25,13,21,27,22,10,25,24,22,24,27,15,26,25,30,16,17,18,16,14,26,8,25,23,13,9,13,12,6,11,16,8,5,3,11,8,8,9,10,9,8,6,7,6,2,3,11,3,6,11,9,15,3,8,195,236,76,44,24,39,40,49.5,3.66,4.62,23.53,20.56,28.38,23.71,22.3,23.08,22.37,20.88,19.67,17.29,24,20.05,19.86,17.35,19.12,1,2026,1.57 days
UVO,48,  6.50 , VP ,,5-Feb-25,  7 ,  375 ,  578 ,"  1,007 ",  550 ,"  1,251 ","  1,446 ","  1,593 ",  832 ,"  1,498 ",1033,1267,373,349,222,224,595,542,115,856,831,120,766,959,1324,428,94,466,932,495,524,481,378,793,24,383,809,605,363,670,674,772,598,1326,1055,1175,527,955,1393,107,326,442,275,441,682,845,484,540,478,708,480,686,593,745,1166,563,417,250,231,375,160,866,213,522,895,272,219,227,275,192,210,282,192,46,48,100,78,58,46,184,95,202,89,78,22,49,164,65,44,228,237,367,45,76,20,16,16,16,24,18,25,27,26,8,19,23,24,18,18,28,30,20,20,19,24,28,7,20,26,13,19,25,26,21,22,20,20,26,16,24,20,8,16,25,13,21,27,22,10,25,24,22,24,27,15,26,25,30,16,17,18,16,14,26,8,25,23,13,9,13,12,6,11,16,8,5,3,11,8,8,9,10,9,8,6,7,6,2,3,11,3,6,11,9,15,3,8,195,236,76,44,24,39,40,49.5,1.39,5.61,23.53,20.56,28.38,23.71,22.3,23.08,22.37,20.88,19.67,17.29,24,20.05,19.86,17.35,19.12,1,2026,1.57 days
UVO,48A,  6.00 , VP ,,28-Feb-25,  6 ,  306 ,"  1,065 ","  1,130 ","  1,049 ",  907 ,"  1,361 ","  1,597 ","  1,212 ","  1,357 ",1300,1916,373,349,222,224,595,542,115,856,831,120,766,959,1324,428,94,466,932,495,524,481,378,793,24,383,809,605,363,670,674,772,598,1326,1055,1175,527,955,1393,107,326,442,275,441,682,845,484,540,478,708,480,686,593,745,1166,563,417,250,231,375,160,866,213,522,895,272,219,227,275,192,210,282,192,46,48,100,78,58,46,184,95,202,89,78,22,49,164,65,44,228,237,367,45,76,20,16,16,16,24,18,25,27,26,8,19,23,24,18,18,28,30,20,20,19,24,28,7,20,26,13,19,25,26,21,22,20,20,26,16,24,20,8,16,25,13,21,27,22,10,25,24,22,24,27,15,26,25,30,16,17,18,16,14,26,8,25,23,13,9,13,12,6,11,16,8,5,3,11,8,8,9,10,9,8,6,7,6,2,3,11,3,6,11,9,15,3,8,195,236,76,44,24,39,40,49.5,2.14,4.71,23.53,20.56,28.38,23.71,22.3,23.08,22.37,20.88,19.67,17.29,24,20.05,19.86,17.35,19.12,1,2026,1.57 days
UVO,16NC,  1.00 , VP ,,1-Apr-23,  30 ,  41 ,  640 ,  671 ,  -   ,  -   ,  -   ,  -   ,  -   ,  -   ,  -   ,  -   ,373,349,222,224,595,542,115,856,831,120,766,959,1324,428,94,466,932,495,524,481,378,793,24,383,809,605,363,670,674,772,598,1326,1055,1175,527,955,1393,107,326,442,275,441,682,845,484,540,478,708,480,686,593,745,1166,563,417,250,231,375,160,866,213,522,895,272,219,227,275,192,210,282,192,46,48,100,78,58,46,184,95,202,89,78,22,49,164,65,44,228,237,367,45,76,20,16,16,16,24,18,25,27,26,8,19,23,24,18,18,28,30,20,20,19,24,28,7,20,26,13,19,25,26,21,22,20,20,26,16,24,20,8,16,25,13,21,27,22,10,25,24,22,24,27,15,26,25,30,16,17,18,16,14,26,8,25,23,13,9,13,12,6,11,16,8,5,3,11,8,8,9,10,9,8,6,7,6,2,3,11,3,6,11,9,15,3,8,195,236,76,44,24,39,40,49.5,-,-,23.53,20.56,28.38,23.71,22.3,23.08,22.37,20.88,19.67,17.29,24,20.05,19.86,17.35,19.12,1,2026,1.57 days
UVO,16,,,,,,,  70 ,  -   ,  -   ,  -   ,  -   ,  -   ,  -   ,  -   ,528,611,373,349,222,224,595,542,115,856,831,120,766,959,1324,428,94,466,932,495,524,481,378,793,24,383,809,605,363,670,674,772,598,1326,1055,1175,527,955,1393,107,326,442,275,441,682,845,484,540,478,708,480,686,593,745,1166,563,417,250,231,375,160,866,213,522,895,272,219,227,275,192,210,282,192,46,48,100,78,58,46,184,95,202,89,78,22,49,164,65,44,228,237,367,45,76,20,16,16,16,24,18,25,27,26,8,19,23,24,18,18,28,30,20,20,19,24,28,7,20,26,13,19,25,26,21,22,20,20,26,16,24,20,8,16,25,13,21,27,22,10,25,24,22,24,27,15,26,25,30,16,17,18,16,14,26,8,25,23,13,9,13,12,6,11,16,8,5,3,11,8,8,9,10,9,8,6,7,6,2,3,11,3,6,11,9,15,3,8,195,236,76,44,24,39,40,49.5,-,-,23.53,20.56,28.38,23.71,22.3,23.08,22.37,20.88,19.67,17.29,24,20.05,19.86,17.35,19.12,1,2026,1.57 days
UVO,10,,,,,,,  -   ,  -   ,  -   ,  -   ,  -   ,  -   ,  -   ,  -   ,679,673,373,349,222,224,595,542,115,856,831,120,766,959,1324,428,94,466,932,495,524,481,378,793,24,383,809,605,363,670,674,772,598,1326,1055,1175,527,955,1393,107,326,442,275,441,682,845,484,540,478,708,480,686,593,745,1166,563,417,250,231,375,160,866,213,522,895,272,219,227,275,192,210,282,192,46,48,100,78,58,46,184,95,202,89,78,22,49,164,65,44,228,237,367,45,76,20,16,16,16,24,18,25,27,26,8,19,23,24,18,18,28,30,20,20,19,24,28,7,20,26,13,19,25,26,21,22,20,20,26,16,24,20,8,16,25,13,21,27,22,10,25,24,22,24,27,15,26,25,30,16,17,18,16,14,26,8,25,23,13,9,13,12,6,11,16,8,5,3,11,8,8,9,10,9,8,6,7,6,2,3,11,3,6,11,9,15,3,8,195,236,76,44,24,39,40,49.5,-,-,23.53,20.56,28.38,23.71,22.3,23.08,22.37,20.88,19.67,17.29,24,20.05,19.86,17.35,19.12,1,2026,1.57 days
UVO,14,,,,,,,  -   ,  -   ,  -   ,  -   ,  -   ,  -   ,  -   ,  -   ,  666 ,  773 ,373,349,222,224,595,542,115,856,831,120,766,959,1324,428,94,466,932,495,524,481,378,793,24,383,809,605,363,670,674,772,598,1326,1055,1175,527,955,1393,107,326,442,275,441,682,845,484,540,478,708,480,686,593,745,1166,563,417,250,231,375,160,866,213,522,895,272,219,227,275,192,210,282,192,46,48,100,78,58,46,184,95,202,89,78,22,49,164,65,44,228,237,367,45,76,20,16,16,16,24,18,25,27,26,8,19,23,24,18,18,28,30,20,20,19,24,28,7,20,26,13,19,25,26,21,22,20,20,26,16,24,20,8,16,25,13,21,27,22,10,25,24,22,24,27,15,26,25,30,16,17,18,16,14,26,8,25,23,13,9,13,12,6,11,16,8,5,3,11,8,8,9,10,9,8,6,7,6,2,3,11,3,6,11,9,15,3,8,195,236,76,44,24,39,40,49.5,-,-,23.53,20.56,28.38,23.71,22.3,23.08,22.37,20.88,19.67,17.29,24,20.05,19.86,17.35,19.12,1,2026,1.57 days
UVO,16A,,,,,,,  -   ,  -   ,  -   ,  -   ,  -   ,  -   ,  -   ,  -   ,569,689,373,349,222,224,595,542,115,856,831,120,766,959,1324,428,94,466,932,495,524,481,378,793,24,383,809,605,363,670,674,772,598,1326,1055,1175,527,955,1393,107,326,442,275,441,682,845,484,540,478,708,480,686,593,745,1166,563,417,250,231,375,160,866,213,522,895,272,219,227,275,192,210,282,192,46,48,100,78,58,46,184,95,202,89,78,22,49,164,65,44,228,237,367,45,76,20,16,16,16,24,18,25,27,26,8,19,23,24,18,18,28,30,20,20,19,24,28,7,20,26,13,19,25,26,21,22,20,20,26,16,24,20,8,16,25,13,21,27,22,10,25,24,22,24,27,15,26,25,30,16,17,18,16,14,26,8,25,23,13,9,13,12,6,11,16,8,5,3,11,8,8,9,10,9,8,6,7,6,2,3,11,3,6,11,9,15,3,8,195,236,76,44,24,39,40,49.5,-,-,23.53,20.56,28.38,23.71,22.3,23.08,22.37,20.88,19.67,17.29,24,20.05,19.86,17.35,19.12,1,2026,1.57 days
UDK,23,  7.00 , VP ,,12-Sep-22,  36 ,  975 ,"  1,683 ","  1,923 ",  882 ,"  2,137 ","  1,775 ","  2,051 ","  1,363 ","  2,463 ",1817,2356,373,349,222,224,595,542,115,856,831,120,766,959,1324,428,94,466,932,495,524,481,378,793,24,383,809,605,363,670,674,772,598,1326,1055,1175,527,955,1393,107,326,442,275,441,682,845,484,540,478,708,480,686,593,745,1166,563,417,250,231,375,160,866,213,522,895,272,219,227,275,192,210,282,192,46,48,100,78,58,46,184,95,202,89,78,22,49,164,65,44,228,237,367,45,76,20,16,16,16,24,18,25,27,26,8,19,23,24,18,18,28,30,20,20,19,24,28,7,20,26,13,19,25,26,21,22,20,20,26,16,24,20,8,16,25,13,21,27,22,10,25,24,22,24,27,15,26,25,30,16,17,18,16,14,26,8,25,23,13,9,13,12,6,11,16,8,5,3,11,8,8,9,10,9,8,6,7,6,2,3,11,3,6,11,9,15,3,8,195,236,76,44,24,39,40,49.5,1.46,5.17,27.49,20.99,29.12,29.35,23.86,26.26,22.74,21.64,22.12,21.51,24.07,20.61,19.04,20.79,21.14,1,2026,1.42 days
UDK,24,  5.00 , VP ,,17-Sep-23,  24 ,  951 ,"  1,656 ","  1,061 ","  1,543 ","  1,734 ","  1,194 ","  1,885 ","  2,123 ","  3,278 ",1122,2203,373,349,222,224,595,542,115,856,831,120,766,959,1324,428,94,466,932,495,524,481,378,793,24,383,809,605,363,670,674,772,598,1326,1055,1175,527,955,1393,107,326,442,275,441,682,845,484,540,478,708,480,686,593,745,1166,563,417,250,231,375,160,866,213,522,895,272,219,227,275,192,210,282,192,46,48,100,78,58,46,184,95,202,89,78,22,49,164,65,44,228,237,367,45,76,20,16,16,16,24,18,25,27,26,8,19,23,24,18,18,28,30,20,20,19,24,28,7,20,26,13,19,25,26,21,22,20,20,26,16,24,20,8,16,25,13,21,27,22,10,25,24,22,24,27,15,26,25,30,16,17,18,16,14,26,8,25,23,13,9,13,12,6,11,16,8,5,3,11,8,8,9,10,9,8,6,7,6,2,3,11,3,6,11,9,15,3,8,195,236,76,44,24,39,40,49.5,2.49,4.74,27.49,20.99,29.12,29.35,23.86,26.26,22.74,21.64,22.12,21.51,24.07,20.61,19.04,20.79,21.14,1,2026,1.42 days
UDK,24A,  5.00 , VP ,,8-Mar-24,  18 ,"  1,104 ","  1,433 ","  1,525 ","  1,397 ","  2,269 ","  1,276 ","  2,432 ","  2,728 ","  2,635 ",1720,2257,373,349,222,224,595,542,115,856,831,120,766,959,1324,428,94,466,932,495,524,481,378,793,24,383,809,605,363,670,674,772,598,1326,1055,1175,527,955,1393,107,326,442,275,441,682,845,484,540,478,708,480,686,593,745,1166,563,417,250,231,375,160,866,213,522,895,272,219,227,275,192,210,282,192,46,48,100,78,58,46,184,95,202,89,78,22,49,164,65,44,228,237,367,45,76,20,16,16,16,24,18,25,27,26,8,19,23,24,18,18,28,30,20,20,19,24,28,7,20,26,13,19,25,26,21,22,20,20,26,16,24,20,8,16,25,13,21,27,22,10,25,24,22,24,27,15,26,25,30,16,17,18,16,14,26,8,25,23,13,9,13,12,6,11,16,8,5,3,11,8,8,9,10,9,8,6,7,6,2,3,11,3,6,11,9,15,3,8,195,236,76,44,24,39,40,49.5,1.76,4.33,27.49,20.99,29.12,29.35,23.86,26.26,22.74,21.64,22.12,21.51,24.07,20.61,19.04,20.79,21.14,1,2026,1.42 days
UDK,25,  4.00 , VP ,,31-Mar-24,  17 ,"  1,128 ","  1,945 ","  1,705 ","  1,537 ","  2,301 ","  1,659 ","  3,002 ","  3,253 ","  2,878 ",1237,2301,373,349,222,224,595,542,115,856,831,120,766,959,1324,428,94,466,932,495,524,481,378,793,24,383,809,605,363,670,674,772,598,1326,1055,1175,527,955,1393,107,326,442,275,441,682,845,484,540,478,708,480,686,593,745,1166,563,417,250,231,375,160,866,213,522,895,272,219,227,275,192,210,282,192,46,48,100,78,58,46,184,95,202,89,78,22,49,164,65,44,228,237,367,45,76,20,16,16,16,24,18,25,27,26,8,19,23,24,18,18,28,30,20,20,19,24,28,7,20,26,13,19,25,26,21,22,20,20,26,16,24,20,8,16,25,13,21,27,22,10,25,24,22,24,27,15,26,25,30,16,17,18,16,14,26,8,25,23,13,9,13,12,6,11,16,8,5,3,11,8,8,9,10,9,8,6,7,6,2,3,11,3,6,11,9,15,3,8,195,236,76,44,24,39,40,49.5,1.54,4.15,27.49,20.99,29.12,29.35,23.86,26.26,22.74,21.64,22.12,21.51,24.07,20.61,19.04,20.79,21.14,1,2026,1.42 days
UDK,26,  7.50 , VP ,,28-Feb-25,  6 ,  344 ,"  1,323 ","  1,720 ","  1,869 ",  878 ,"  1,884 ","  1,704 ","  2,248 ","  1,599 ",1412,2119,373,349,222,224,595,542,115,856,831,120,766,959,1324,428,94,466,932,495,524,481,378,793,24,383,809,605,363,670,674,772,598,1326,1055,1175,527,955,1393,107,326,442,275,441,682,845,484,540,478,708,480,686,593,745,1166,563,417,250,231,375,160,866,213,522,895,272,219,227,275,192,210,282,192,46,48,100,78,58,46,184,95,202,89,78,22,49,164,65,44,228,237,367,45,76,20,16,16,16,24,18,25,27,26,8,19,23,24,18,18,28,30,20,20,19,24,28,7,20,26,13,19,25,26,21,22,20,20,26,16,24,20,8,16,25,13,21,27,22,10,25,24,22,24,27,15,26,25,30,16,17,18,16,14,26,8,25,23,13,9,13,12,6,11,16,8,5,3,11,8,8,9,10,9,8,6,7,6,2,3,11,3,6,11,9,15,3,8,195,236,76,44,24,39,40,49.5,2.66,4.45,27.49,20.99,29.12,29.35,23.86,26.26,22.74,21.64,22.12,21.51,24.07,20.61,19.04,20.79,21.14,1,2026,1.42 days
UDK,26A,  7.00 , VP ,,27-Apr-24,  17 ,"  1,063 ",  936 ,"  1,230 ","  1,524 ","  1,531 ","  1,296 ","  2,258 ","  2,349 ","  2,481 ",1311,1994,373,349,222,224,595,542,115,856,831,120,766,959,1324,428,94,466,932,495,524,481,378,793,24,383,809,605,363,670,674,772,598,1326,1055,1175,527,955,1393,107,326,442,275,441,682,845,484,540,478,708,480,686,593,745,1166,563,417,250,231,375,160,866,213,522,895,272,219,227,275,192,210,282,192,46,48,100,78,58,46,184,95,202,89,78,22,49,164,65,44,228,237,367,45,76,20,16,16,16,24,18,25,27,26,8,19,23,24,18,18,28,30,20,20,19,24,28,7,20,26,13,19,25,26,21,22,20,20,26,16,24,20,8,16,25,13,21,27,22,10,25,24,22,24,27,15,26,25,30,16,17,18,16,14,26,8,25,23,13,9,13,12,6,11,16,8,5,3,11,8,8,9,10,9,8,6,7,6,2,3,11,3,6,11,9,15,3,8,195,236,76,44,24,39,40,49.5,1.2,3.86,27.49,20.99,29.12,29.35,23.86,26.26,22.74,21.64,22.12,21.51,24.07,20.61,19.04,20.79,21.14,1,2026,1.42 days
UDK,27,  4.50 , VP ,,31-Aug-22,  37 ,"  1,176 ","  1,792 ","  2,363 ","  1,638 ","  1,819 ","  2,111 ","  2,199 ","  1,210 ","  2,114 ",1976,2236,373,349,222,224,595,542,115,856,831,120,766,959,1324,428,94,466,932,495,524,481,378,793,24,383,809,605,363,670,674,772,598,1326,1055,1175,527,955,1393,107,326,442,275,441,682,845,484,540,478,708,480,686,593,745,1166,563,417,250,231,375,160,866,213,522,895,272,219,227,275,192,210,282,192,46,48,100,78,58,46,184,95,202,89,78,22,49,164,65,44,228,237,367,45,76,20,16,16,16,24,18,25,27,26,8,19,23,24,18,18,28,30,20,20,19,24,28,7,20,26,13,19,25,26,21,22,20,20,26,16,24,20,8,16,25,13,21,27,22,10,25,24,22,24,27,15,26,25,30,16,17,18,16,14,26,8,25,23,13,9,13,12,6,11,16,8,5,3,11,8,8,9,10,9,8,6,7,6,2,3,11,3,6,11,9,15,3,8,195,236,76,44,24,39,40,49.5,1.43,4.85,27.49,20.99,29.12,29.35,23.86,26.26,22.74,21.64,22.12,21.51,24.07,20.61,19.04,20.79,21.14,1,2026,1.42 days
UDK,27A,  5.00 , VP ,,19-Aug-25,  1 ,  634 ,"  1,543 ","  1,512 ",  602 ,"  1,819 ","  2,111 ","  2,199 ","  1,210 ","  2,114 ",1976,2236,373,349,222,224,595,542,115,856,831,120,766,959,1324,428,94,466,932,495,524,481,378,793,24,383,809,605,363,670,674,772,598,1326,1055,1175,527,955,1393,107,326,442,275,441,682,845,484,540,478,708,480,686,593,745,1166,563,417,250,231,375,160,866,213,522,895,272,219,227,275,192,210,282,192,46,48,100,78,58,46,184,95,202,89,78,22,49,164,65,44,228,237,367,45,76,20,16,16,16,24,18,25,27,26,8,19,23,24,18,18,28,30,20,20,19,24,28,7,20,26,13,19,25,26,21,22,20,20,26,16,24,20,8,16,25,13,21,27,22,10,25,24,22,24,27,15,26,25,30,16,17,18,16,14,26,8,25,23,13,9,13,12,6,11,16,8,5,3,11,8,8,9,10,9,8,6,7,6,2,3,11,3,6,11,9,15,3,8,195,236,76,44,24,39,40,49.5,1.43,4.91,27.49,20.99,29.12,29.35,23.86,26.26,22.74,21.64,22.12,21.51,24.07,20.61,19.04,20.79,21.14,1,2026,1.42 days
UDK,29,  4.00 , VP ,,15-Aug-25,  1 ,  666 ,"  2,075 ","  2,043 ","  1,308 ","  1,814 ","  2,132 ","  2,031 ","  2,378 ","  1,346 ",1596,2681,373,349,222,224,595,542,115,856,831,120,766,959,1324,428,94,466,932,495,524,481,378,793,24,383,809,605,363,670,674,772,598,1326,1055,1175,527,955,1393,107,326,442,275,441,682,845,484,540,478,708,480,686,593,745,1166,563,417,250,231,375,160,866,213,522,895,272,219,227,275,192,210,282,192,46,48,100,78,58,46,184,95,202,89,78,22,49,164,65,44,228,237,367,45,76,20,16,16,16,24,18,25,27,26,8,19,23,24,18,18,28,30,20,20,19,24,28,7,20,26,13,19,25,26,21,22,20,20,26,16,24,20,8,16,25,13,21,27,22,10,25,24,22,24,27,15,26,25,30,16,17,18,16,14,26,8,25,23,13,9,13,12,6,11,16,8,5,3,11,8,8,9,10,9,8,6,7,6,2,3,11,3,6,11,9,15,3,8,195,236,76,44,24,39,40,49.5,1.76,4.48,27.49,20.99,29.12,29.35,23.86,26.26,22.74,21.64,22.12,21.51,24.07,20.61,19.04,20.79,21.14,1,2026,1.42 days
UDK,30,  4.00 , VP ,,26-Aug-23,  25 ,"  1,166 ","  2,189 ","  1,396 ","  1,743 ","  2,370 ","  2,156 ","  2,199 ","  2,199 ","  2,550 ",2121,1732,373,349,222,224,595,542,115,856,831,120,766,959,1324,428,94,466,932,495,524,481,378,793,24,383,809,605,363,670,674,772,598,1326,1055,1175,527,955,1393,107,326,442,275,441,682,845,484,540,478,708,480,686,593,745,1166,563,417,250,231,375,160,866,213,522,895,272,219,227,275,192,210,282,192,46,48,100,78,58,46,184,95,202,89,78,22,49,164,65,44,228,237,367,45,76,20,16,16,16,24,18,25,27,26,8,19,23,24,18,18,28,30,20,20,19,24,28,7,20,26,13,19,25,26,21,22,20,20,26,16,24,20,8,16,25,13,21,27,22,10,25,24,22,24,27,15,26,25,30,16,17,18,16,14,26,8,25,23,13,9,13,12,6,11,16,8,5,3,11,8,8,9,10,9,8,6,7,6,2,3,11,3,6,11,9,15,3,8,195,236,76,44,24,39,40,49.5,1.58,4.71,27.49,20.99,29.12,29.35,23.86,26.26,22.74,21.64,22.12,21.51,24.07,20.61,19.04,20.79,21.14,1,2026,1.42 days
UDK,30A,  5.00 , VP ,,25-Feb-23,  31 ,"  1,190 ","  1,945 ","  1,204 ","  1,172 ","  1,568 ","  2,250 ","  1,202 ","  1,741 ","  2,074 ",1808,1573,373,349,222,224,595,542,115,856,831,120,766,959,1324,428,94,466,932,495,524,481,378,793,24,383,809,605,363,670,674,772,598,1326,1055,1175,527,955,1393,107,326,442,275,441,682,845,484,540,478,708,480,686,593,745,1166,563,417,250,231,375,160,866,213,522,895,272,219,227,275,192,210,282,192,46,48,100,78,58,46,184,95,202,89,78,22,49,164,65,44,228,237,367,45,76,20,16,16,16,24,18,25,27,26,8,19,23,24,18,18,28,30,20,20,19,24,28,7,20,26,13,19,25,26,21,22,20,20,26,16,24,20,8,16,25,13,21,27,22,10,25,24,22,24,27,15,26,25,30,16,17,18,16,14,26,8,25,23,13,9,13,12,6,11,16,8,5,3,11,8,8,9,10,9,8,6,7,6,2,3,11,3,6,11,9,15,3,8,195,236,76,44,24,39,40,49.5,1.56,3.68,27.49,20.99,29.12,29.35,23.86,26.26,22.74,21.64,22.12,21.51,24.07,20.61,19.04,20.79,21.14,1,2026,1.42 days
UDK,32,  6.00 , VP ,,24-Aug-24,  13 ,"  1,333 ","  1,009 ","  1,473 ","  1,387 ","  1,215 ","  1,429 ","  1,853 ","  2,210 ","  1,277 ",1477,2147,373,349,222,224,595,542,115,856,831,120,766,959,1324,428,94,466,932,495,524,481,378,793,24,383,809,605,363,670,674,772,598,1326,1055,1175,527,955,1393,107,326,442,275,441,682,845,484,540,478,708,480,686,593,745,1166,563,417,250,231,375,160,866,213,522,895,272,219,227,275,192,210,282,192,46,48,100,78,58,46,184,95,202,89,78,22,49,164,65,44,228,237,367,45,76,20,16,16,16,24,18,25,27,26,8,19,23,24,18,18,28,30,20,20,19,24,28,7,20,26,13,19,25,26,21,22,20,20,26,16,24,20,8,16,25,13,21,27,22,10,25,24,22,24,27,15,26,25,30,16,17,18,16,14,26,8,25,23,13,9,13,12,6,11,16,8,5,3,11,8,8,9,10,9,8,6,7,6,2,3,11,3,6,11,9,15,3,8,195,236,76,44,24,39,40,49.5,1.61,4.38,27.49,20.99,29.12,29.35,23.86,26.26,22.74,21.64,22.12,21.51,24.07,20.61,19.04,20.79,21.14,1,2026,1.42 days
UDK,33,  6.00 , VP ,,19-Mar-23,  30 ,"  1,247 ","  1,995 ","  1,422 ","  1,841 ","  2,853 ","  2,873 ","  1,659 ","  3,111 ","  3,225 ",1817,1289,373,349,222,224,595,542,115,856,831,120,766,959,1324,428,94,466,932,495,524,481,378,793,24,383,809,605,363,670,674,772,598,1326,1055,1175,527,955,1393,107,326,442,275,441,682,845,484,540,478,708,480,686,593,745,1166,563,417,250,231,375,160,866,213,522,895,272,219,227,275,192,210,282,192,46,48,100,78,58,46,184,95,202,89,78,22,49,164,65,44,228,237,367,45,76,20,16,16,16,24,18,25,27,26,8,19,23,24,18,18,28,30,20,20,19,24,28,7,20,26,13,19,25,26,21,22,20,20,26,16,24,20,8,16,25,13,21,27,22,10,25,24,22,24,27,15,26,25,30,16,17,18,16,14,26,8,25,23,13,9,13,12,6,11,16,8,5,3,11,8,8,9,10,9,8,6,7,6,2,3,11,3,6,11,9,15,3,8,195,236,76,44,24,39,40,49.5,1.28,4.82,27.49,20.99,29.12,29.35,23.86,26.26,22.74,21.64,22.12,21.51,24.07,20.61,19.04,20.79,21.14,1,2026,1.42 days
UDK,49,  7.00 , VP ,,10-Feb-25,  7 ,  417 ,"  1,431 ","  1,859 ","  2,011 ",  951 ,"  2,135 ","  1,988 ","  2,230 ","  1,269 ",2122,2136,373,349,222,224,595,542,115,856,831,120,766,959,1324,428,94,466,932,495,524,481,378,793,24,383,809,605,363,670,674,772,598,1326,1055,1175,527,955,1393,107,326,442,275,441,682,845,484,540,478,708,480,686,593,745,1166,563,417,250,231,375,160,866,213,522,895,272,219,227,275,192,210,282,192,46,48,100,78,58,46,184,95,202,89,78,22,49,164,65,44,228,237,367,45,76,20,16,16,16,24,18,25,27,26,8,19,23,24,18,18,28,30,20,20,19,24,28,7,20,26,13,19,25,26,21,22,20,20,26,16,24,20,8,16,25,13,21,27,22,10,25,24,22,24,27,15,26,25,30,16,17,18,16,14,26,8,25,23,13,9,13,12,6,11,16,8,5,3,11,8,8,9,10,9,8,6,7,6,2,3,11,3,6,11,9,15,3,8,195,236,76,44,24,39,40,49.5,1.31,4.21,27.49,20.99,29.12,29.35,23.86,26.26,22.74,21.64,22.12,21.51,24.07,20.61,19.04,20.79,21.14,1,2026,1.42 days
UDK,28,  4.00 , SD ,,20-Feb-23,  31 ,  446 ,"  1,182 ","  2,067 ",  680 ,"  1,459 ","  1,117 ",  708 ,"  1,193 ","  1,312 ",1282,1593,373,349,222,224,595,542,115,856,831,120,766,959,1324,428,94,466,932,495,524,481,378,793,24,383,809,605,363,670,674,772,598,1326,1055,1175,527,955,1393,107,326,442,275,441,682,845,484,540,478,708,480,686,593,745,1166,563,417,250,231,375,160,866,213,522,895,272,219,227,275,192,210,282,192,46,48,100,78,58,46,184,95,202,89,78,22,49,164,65,44,228,237,367,45,76,20,16,16,16,24,18,25,27,26,8,19,23,24,18,18,28,30,20,20,19,24,28,7,20,26,13,19,25,26,21,22,20,20,26,16,24,20,8,16,25,13,21,27,22,10,25,24,22,24,27,15,26,25,30,16,17,18,16,14,26,8,25,23,13,9,13,12,6,11,16,8,5,3,11,8,8,9,10,9,8,6,7,6,2,3,11,3,6,11,9,15,3,8,195,236,76,44,24,39,40,49.5,1.58,5.55,27.49,20.99,29.12,29.35,23.86,26.26,22.74,21.64,22.12,21.51,24.07,20.61,19.04,20.79,21.14,1,2026,1.42 days
LDK,44,  9.50 , VP ,,23-Mar-24,  18 ,"  1,151 ","  1,427 ",  868 ,  955 ,"  2,000 ","  1,285 ","  1,739 ","  1,891 ","  1,337 ",1600,1585,373,349,222,224,595,542,115,856,831,120,766,959,1324,428,94,466,932,495,524,481,378,793,24,383,809,605,363,670,674,772,598,1326,1055,1175,527,955,1393,107,326,442,275,441,682,845,484,540,478,708,480,686,593,745,1166,563,417,250,231,375,160,866,213,522,895,272,219,227,275,192,210,282,192,46,48,100,78,58,46,184,95,202,89,78,22,49,164,65,44,228,237,367,45,76,20,16,16,16,24,18,25,27,26,8,19,23,24,18,18,28,30,20,20,19,24,28,7,20,26,13,19,25,26,21,22,20,20,26,16,24,20,8,16,25,13,21,27,22,10,25,24,22,24,27,15,26,25,30,16,17,18,16,14,26,8,25,23,13,9,13,12,6,11,16,8,5,3,11,8,8,9,10,9,8,6,7,6,2,3,11,3,6,11,9,15,3,8,195,236,76,44,24,39,40,49.5,2.21,4.17,33.41,20.64,25.48,26.82,19.67,23.48,24.4,27.56,20.29,21.34,23.22,19.62,19.44,21.3,20.47,1,2026,1.46 days
LDK,45,  3.75 , VP ,,9-Sep-22,  36 ,"  1,035 ","  1,617 ","  2,332 ","  1,749 ","  1,639 ","  1,901 ","  1,761 ","  1,077 ","  1,956 ",1519,1651,373,349,222,224,595,542,115,856,831,120,766,959,1324,428,94,466,932,495,524,481,378,793,24,383,809,605,363,670,674,772,598,1326,1055,1175,527,955,1393,107,326,442,275,441,682,845,484,540,478,708,480,686,593,745,1166,563,417,250,231,375,160,866,213,522,895,272,219,227,275,192,210,282,192,46,48,100,78,58,46,184,95,202,89,78,22,49,164,65,44,228,237,367,45,76,20,16,16,16,24,18,25,27,26,8,19,23,24,18,18,28,30,20,20,19,24,28,7,20,26,13,19,25,26,21,22,20,20,26,16,24,20,8,16,25,13,21,27,22,10,25,24,22,24,27,15,26,25,30,16,17,18,16,14,26,8,25,23,13,9,13,12,6,11,16,8,5,3,11,8,8,9,10,9,8,6,7,6,2,3,11,3,6,11,9,15,3,8,195,236,76,44,24,39,40,49.5,1.61,5.26,33.41,20.64,25.48,26.82,19.67,23.48,24.4,27.56,20.29,21.34,23.22,19.62,19.44,21.3,20.47,1,2026,1.46 days
LDK,45A,  3.75 , VP ,,28-Feb-25,  6 ,  557 ,"  1,396 ","  1,867 ",  504 ,"  1,639 ","  1,901 ","  1,761 ","  1,077 ","  1,956 ",1519,1361,373,349,222,224,595,542,115,856,831,120,766,959,1324,428,94,466,932,495,524,481,378,793,24,383,809,605,363,670,674,772,598,1326,1055,1175,527,955,1393,107,326,442,275,441,682,845,484,540,478,708,480,686,593,745,1166,563,417,250,231,375,160,866,213,522,895,272,219,227,275,192,210,282,192,46,48,100,78,58,46,184,95,202,89,78,22,49,164,65,44,228,237,367,45,76,20,16,16,16,24,18,25,27,26,8,19,23,24,18,18,28,30,20,20,19,24,28,7,20,26,13,19,25,26,21,22,20,20,26,16,24,20,8,16,25,13,21,27,22,10,25,24,22,24,27,15,26,25,30,16,17,18,16,14,26,8,25,23,13,9,13,12,6,11,16,8,5,3,11,8,8,9,10,9,8,6,7,6,2,3,11,3,6,11,9,15,3,8,195,236,76,44,24,39,40,49.5,1.84,5.51,33.41,20.64,25.48,26.82,19.67,23.48,24.4,27.56,20.29,21.34,23.22,19.62,19.44,21.3,20.47,1,2026,1.46 days
LDK,46,  3.00 , VP ,,28-Feb-23,  31 ,"  1,198 ","  1,596 ","  1,875 ","  1,385 ","  2,153 ","  2,281 ","  1,288 ","  1,699 ","  2,233 ",1855,1361,373,349,222,224,595,542,115,856,831,120,766,959,1324,428,94,466,932,495,524,481,378,793,24,383,809,605,363,670,674,772,598,1326,1055,1175,527,955,1393,107,326,442,275,441,682,845,484,540,478,708,480,686,593,745,1166,563,417,250,231,375,160,866,213,522,895,272,219,227,275,192,210,282,192,46,48,100,78,58,46,184,95,202,89,78,22,49,164,65,44,228,237,367,45,76,20,16,16,16,24,18,25,27,26,8,19,23,24,18,18,28,30,20,20,19,24,28,7,20,26,13,19,25,26,21,22,20,20,26,16,24,20,8,16,25,13,21,27,22,10,25,24,22,24,27,15,26,25,30,16,17,18,16,14,26,8,25,23,13,9,13,12,6,11,16,8,5,3,11,8,8,9,10,9,8,6,7,6,2,3,11,3,6,11,9,15,3,8,195,236,76,44,24,39,40,49.5,1.76,4.19,33.41,20.64,25.48,26.82,19.67,23.48,24.4,27.56,20.29,21.34,23.22,19.62,19.44,21.3,20.47,1,2026,1.46 days
LDK,47,  1.50 , VP ,,28-Feb-23,  31 ,"  1,218 ","  2,001 ","  1,932 ","  1,395 ","  2,571 ","  2,221 ","  1,487 ","  2,116 ","  2,589 ",2360,1700,373,349,222,224,595,542,115,856,831,120,766,959,1324,428,94,466,932,495,524,481,378,793,24,383,809,605,363,670,674,772,598,1326,1055,1175,527,955,1393,107,326,442,275,441,682,845,484,540,478,708,480,686,593,745,1166,563,417,250,231,375,160,866,213,522,895,272,219,227,275,192,210,282,192,46,48,100,78,58,46,184,95,202,89,78,22,49,164,65,44,228,237,367,45,76,20,16,16,16,24,18,25,27,26,8,19,23,24,18,18,28,30,20,20,19,24,28,7,20,26,13,19,25,26,21,22,20,20,26,16,24,20,8,16,25,13,21,27,22,10,25,24,22,24,27,15,26,25,30,16,17,18,16,14,26,8,25,23,13,9,13,12,6,11,16,8,5,3,11,8,8,9,10,9,8,6,7,6,2,3,11,3,6,11,9,15,3,8,195,236,76,44,24,39,40,49.5,2.27,4.53,33.41,20.64,25.48,26.82,19.67,23.48,24.4,27.56,20.29,21.34,23.22,19.62,19.44,21.3,20.47,1,2026,1.46 days
LDK,50,  3.00 , VP ,,31-Aug-24,  12 ,  857 ,"  1,072 ","  2,105 ","  1,901 ","  1,428 ","  1,725 ","  1,737 ","  2,024 ","  1,587 ",1660,2375,373,349,222,224,595,542,115,856,831,120,766,959,1324,428,94,466,932,495,524,481,378,793,24,383,809,605,363,670,674,772,598,1326,1055,1175,527,955,1393,107,326,442,275,441,682,845,484,540,478,708,480,686,593,745,1166,563,417,250,231,375,160,866,213,522,895,272,219,227,275,192,210,282,192,46,48,100,78,58,46,184,95,202,89,78,22,49,164,65,44,228,237,367,45,76,20,16,16,16,24,18,25,27,26,8,19,23,24,18,18,28,30,20,20,19,24,28,7,20,26,13,19,25,26,21,22,20,20,26,16,24,20,8,16,25,13,21,27,22,10,25,24,22,24,27,15,26,25,30,16,17,18,16,14,26,8,25,23,13,9,13,12,6,11,16,8,5,3,11,8,8,9,10,9,8,6,7,6,2,3,11,3,6,11,9,15,3,8,195,236,76,44,24,39,40,49.5,2.89,4.81,33.41,20.64,25.48,26.82,19.67,23.48,24.4,27.56,20.29,21.34,23.22,19.62,19.44,21.3,20.47,1,2026,1.46 days
LDK,51,  3.00 , VP ,,24-Aug-25,  1 ,  691 ,"  1,701 ","  2,095 ","  1,825 ","  1,651 ","  2,223 ","  2,264 ","  1,462 ","  2,010 ",1817,2397,373,349,222,224,595,542,115,856,831,120,766,959,1324,428,94,466,932,495,524,481,378,793,24,383,809,605,363,670,674,772,598,1326,1055,1175,527,955,1393,107,326,442,275,441,682,845,484,540,478,708,480,686,593,745,1166,563,417,250,231,375,160,866,213,522,895,272,219,227,275,192,210,282,192,46,48,100,78,58,46,184,95,202,89,78,22,49,164,65,44,228,237,367,45,76,20,16,16,16,24,18,25,27,26,8,19,23,24,18,18,28,30,20,20,19,24,28,7,20,26,13,19,25,26,21,22,20,20,26,16,24,20,8,16,25,13,21,27,22,10,25,24,22,24,27,15,26,25,30,16,17,18,16,14,26,8,25,23,13,9,13,12,6,11,16,8,5,3,11,8,8,9,10,9,8,6,7,6,2,3,11,3,6,11,9,15,3,8,195,236,76,44,24,39,40,49.5,2.27,4.22,33.41,20.64,25.48,26.82,19.67,23.48,24.4,27.56,20.29,21.34,23.22,19.62,19.44,21.3,20.47,1,2026,1.46 days
LDK,52,  2.00 , VP ,,19-Mar-23,  30 ,"  1,301 ","  2,177 ","  1,680 ","  1,737 ","  2,326 ","  2,439 ","  1,464 ","  2,427 ","  3,003 ",2539,1361,373,349,222,224,595,542,115,856,831,120,766,959,1324,428,94,466,932,495,524,481,378,793,24,383,809,605,363,670,674,772,598,1326,1055,1175,527,955,1393,107,326,442,275,441,682,845,484,540,478,708,480,686,593,745,1166,563,417,250,231,375,160,866,213,522,895,272,219,227,275,192,210,282,192,46,48,100,78,58,46,184,95,202,89,78,22,49,164,65,44,228,237,367,45,76,20,16,16,16,24,18,25,27,26,8,19,23,24,18,18,28,30,20,20,19,24,28,7,20,26,13,19,25,26,21,22,20,20,26,16,24,20,8,16,25,13,21,27,22,10,25,24,22,24,27,15,26,25,30,16,17,18,16,14,26,8,25,23,13,9,13,12,6,11,16,8,5,3,11,8,8,9,10,9,8,6,7,6,2,3,11,3,6,11,9,15,3,8,195,236,76,44,24,39,40,49.5,1.9,4.37,33.41,20.64,25.48,26.82,19.67,23.48,24.4,27.56,20.29,21.34,23.22,19.62,19.44,21.3,20.47,1,2026,1.46 days
LDK,52A,  2.00 , VP ,,27-Aug-23,  25 ,"  1,174 ","  1,869 ","  1,363 ","  1,615 ","  2,360 ","  2,309 ","  1,141 ","  1,929 ","  3,964 ",2852,2510,373,349,222,224,595,542,115,856,831,120,766,959,1324,428,94,466,932,495,524,481,378,793,24,383,809,605,363,670,674,772,598,1326,1055,1175,527,955,1393,107,326,442,275,441,682,845,484,540,478,708,480,686,593,745,1166,563,417,250,231,375,160,866,213,522,895,272,219,227,275,192,210,282,192,46,48,100,78,58,46,184,95,202,89,78,22,49,164,65,44,228,237,367,45,76,20,16,16,16,24,18,25,27,26,8,19,23,24,18,18,28,30,20,20,19,24,28,7,20,26,13,19,25,26,21,22,20,20,26,16,24,20,8,16,25,13,21,27,22,10,25,24,22,24,27,15,26,25,30,16,17,18,16,14,26,8,25,23,13,9,13,12,6,11,16,8,5,3,11,8,8,9,10,9,8,6,7,6,2,3,11,3,6,11,9,15,3,8,195,236,76,44,24,39,40,49.5,2.36,4.33,33.41,20.64,25.48,26.82,19.67,23.48,24.4,27.56,20.29,21.34,23.22,19.62,19.44,21.3,20.47,1,2026,1.46 days
LDK,53,  2.00 , VP ,,25-Sep-23,  24 ,"  1,289 ","  1,896 ","  1,363 ","  1,514 ","  2,137 ","  1,896 ","  1,460 ",  -   ,  -   ,  -   ,  -   ,373,349,222,224,595,542,115,856,831,120,766,959,1324,428,94,466,932,495,524,481,378,793,24,383,809,605,363,670,674,772,598,1326,1055,1175,527,955,1393,107,326,442,275,441,682,845,484,540,478,708,480,686,593,745,1166,563,417,250,231,375,160,866,213,522,895,272,219,227,275,192,210,282,192,46,48,100,78,58,46,184,95,202,89,78,22,49,164,65,44,228,237,367,45,76,20,16,16,16,24,18,25,27,26,8,19,23,24,18,18,28,30,20,20,19,24,28,7,20,26,13,19,25,26,21,22,20,20,26,16,24,20,8,16,25,13,21,27,22,10,25,24,22,24,27,15,26,25,30,16,17,18,16,14,26,8,25,23,13,9,13,12,6,11,16,8,5,3,11,8,8,9,10,9,8,6,7,6,2,3,11,3,6,11,9,15,3,8,195,236,76,44,24,39,40,49.5,2.96,4.72,33.41,20.64,25.48,26.82,19.67,23.48,24.4,27.56,20.29,21.34,23.22,19.62,19.44,21.3,20.47,1,2026,1.46 days
AGO,3A,  5.00 , VP ,,12-Feb-23,  31 ,  822 ,"  1,459 ","  1,240 ",  791 ,"  1,410 ","  1,490 ","  1,155 ","  1,113 ","  1,254 ",1216,1490,373,349,222,224,595,542,115,856,831,120,766,959,1324,428,94,466,932,495,524,481,378,793,24,383,809,605,363,670,674,772,598,1326,1055,1175,527,955,1393,107,326,442,275,441,682,845,484,540,478,708,480,686,593,745,1166,563,417,250,231,375,160,866,213,522,895,272,219,227,275,192,210,282,192,46,48,100,78,58,46,184,95,202,89,78,22,49,164,65,44,228,237,367,45,76,20,16,16,16,24,18,25,27,26,8,19,23,24,18,18,28,30,20,20,19,24,28,7,20,26,13,19,25,26,21,22,20,20,26,16,24,20,8,16,25,13,21,27,22,10,25,24,22,24,27,15,26,25,30,16,17,18,16,14,26,8,25,23,13,9,13,12,6,11,16,8,5,3,11,8,8,9,10,9,8,6,7,6,2,3,11,3,6,11,9,15,3,8,195,236,76,44,24,39,40,49.5,2.25,6.83,23.28,23.09,29.1,20.34,23.16,22.86,20.2,22.5,23.12,16.12,24.5,23.37,16.5,17.28,22.92,1,2026,1.31 days
AGO,3B,  4.50 , VP ,,18-Aug-23,  25 ,  757 ,"  1,336 ",  865 ,"  1,006 ","  1,315 ","  1,359 ",  716 ,"  1,113 ","  1,254 ","  1,216 ","  1,490 ",373,349,222,224,595,542,115,856,831,120,766,959,1324,428,94,466,932,495,524,481,378,793,24,383,809,605,363,670,674,772,598,1326,1055,1175,527,955,1393,107,326,442,275,441,682,845,484,540,478,708,480,686,593,745,1166,563,417,250,231,375,160,866,213,522,895,272,219,227,275,192,210,282,192,46,48,100,78,58,46,184,95,202,89,78,22,49,164,65,44,228,237,367,45,76,20,16,16,16,24,18,25,27,26,8,19,23,24,18,18,28,30,20,20,19,24,28,7,20,26,13,19,25,26,21,22,20,20,26,16,24,20,8,16,25,13,21,27,22,10,25,24,22,24,27,15,26,25,30,16,17,18,16,14,26,8,25,23,13,9,13,12,6,11,16,8,5,3,11,8,8,9,10,9,8,6,7,6,2,3,11,3,6,11,9,15,3,8,195,236,76,44,24,39,40,49.5,1,5.65,23.28,23.09,29.1,20.34,23.16,22.86,20.2,22.5,23.12,16.12,24.5,23.37,16.5,17.28,22.92,1,2026,1.31 days
AGO,4A,  4.00 , VP ,,31-Aug-24,  12 ,"  1,031 ",  943 ,"  1,445 ","  1,444 ","  1,936 ","  1,016 ","  1,692 ","  1,869 ","  1,967 ",1174,997,373,349,222,224,595,542,115,856,831,120,766,959,1324,428,94,466,932,495,524,481,378,793,24,383,809,605,363,670,674,772,598,1326,1055,1175,527,955,1393,107,326,442,275,441,682,845,484,540,478,708,480,686,593,745,1166,563,417,250,231,375,160,866,213,522,895,272,219,227,275,192,210,282,192,46,48,100,78,58,46,184,95,202,89,78,22,49,164,65,44,228,237,367,45,76,20,16,16,16,24,18,25,27,26,8,19,23,24,18,18,28,30,20,20,19,24,28,7,20,26,13,19,25,26,21,22,20,20,26,16,24,20,8,16,25,13,21,27,22,10,25,24,22,24,27,15,26,25,30,16,17,18,16,14,26,8,25,23,13,9,13,12,6,11,16,8,5,3,11,8,8,9,10,9,8,6,7,6,2,3,11,3,6,11,9,15,3,8,195,236,76,44,24,39,40,49.5,1.69,5.43,23.28,23.09,29.1,20.34,23.16,22.86,20.2,22.5,23.12,16.12,24.5,23.37,16.5,17.28,22.92,1,2026,1.31 days
AGO,9G,  4.00 , VP ,,2-Feb-25,  7 ,  529 ,1121,"  1,548 ",  934 ,"  1,281 ","  1,687 ","  1,791 ",  921 ,"  1,702 ",1462,1583,373,349,222,224,595,542,115,856,831,120,766,959,1324,428,94,466,932,495,524,481,378,793,24,383,809,605,363,670,674,772,598,1326,1055,1175,527,955,1393,107,326,442,275,441,682,845,484,540,478,708,480,686,593,745,1166,563,417,250,231,375,160,866,213,522,895,272,219,227,275,192,210,282,192,46,48,100,78,58,46,184,95,202,89,78,22,49,164,65,44,228,237,367,45,76,20,16,16,16,24,18,25,27,26,8,19,23,24,18,18,28,30,20,20,19,24,28,7,20,26,13,19,25,26,21,22,20,20,26,16,24,20,8,16,25,13,21,27,22,10,25,24,22,24,27,15,26,25,30,16,17,18,16,14,26,8,25,23,13,9,13,12,6,11,16,8,5,3,11,8,8,9,10,9,8,6,7,6,2,3,11,3,6,11,9,15,3,8,195,236,76,44,24,39,40,49.5,1.58,5.23,23.28,23.09,29.1,20.34,23.16,22.86,20.2,22.5,23.12,16.12,24.5,23.37,16.5,17.28,22.92,1,2026,1.31 days
AGO,9H,  4.00 , VP ,,21-Mar-24,  18 ,  838 ,1225,  856 ,"  1,132 ",  896 ,"  1,047 ","  1,399 ","  1,716 ","  1,443 ",706,1308,373,349,222,224,595,542,115,856,831,120,766,959,1324,428,94,466,932,495,524,481,378,793,24,383,809,605,363,670,674,772,598,1326,1055,1175,527,955,1393,107,326,442,275,441,682,845,484,540,478,708,480,686,593,745,1166,563,417,250,231,375,160,866,213,522,895,272,219,227,275,192,210,282,192,46,48,100,78,58,46,184,95,202,89,78,22,49,164,65,44,228,237,367,45,76,20,16,16,16,24,18,25,27,26,8,19,23,24,18,18,28,30,20,20,19,24,28,7,20,26,13,19,25,26,21,22,20,20,26,16,24,20,8,16,25,13,21,27,22,10,25,24,22,24,27,15,26,25,30,16,17,18,16,14,26,8,25,23,13,9,13,12,6,11,16,8,5,3,11,8,8,9,10,9,8,6,7,6,2,3,11,3,6,11,9,15,3,8,195,236,76,44,24,39,40,49.5,1.54,4.54,23.28,23.09,29.1,20.34,23.16,22.86,20.2,22.5,23.12,16.12,24.5,23.37,16.5,17.28,22.92,1,2026,1.31 days
AGO,9I,  3.50 , VP ,,19-Sep-22,  36 ,  806 ,1346,"  1,494 ",  672 ,"  1,250 ","  1,126 ",  995 ,  699 ,"  1,010 ",905,1839,373,349,222,224,595,542,115,856,831,120,766,959,1324,428,94,466,932,495,524,481,378,793,24,383,809,605,363,670,674,772,598,1326,1055,1175,527,955,1393,107,326,442,275,441,682,845,484,540,478,708,480,686,593,745,1166,563,417,250,231,375,160,866,213,522,895,272,219,227,275,192,210,282,192,46,48,100,78,58,46,184,95,202,89,78,22,49,164,65,44,228,237,367,45,76,20,16,16,16,24,18,25,27,26,8,19,23,24,18,18,28,30,20,20,19,24,28,7,20,26,13,19,25,26,21,22,20,20,26,16,24,20,8,16,25,13,21,27,22,10,25,24,22,24,27,15,26,25,30,16,17,18,16,14,26,8,25,23,13,9,13,12,6,11,16,8,5,3,11,8,8,9,10,9,8,6,7,6,2,3,11,3,6,11,9,15,3,8,195,236,76,44,24,39,40,49.5,2.36,4.5,23.28,23.09,29.1,20.34,23.16,22.86,20.2,22.5,23.12,16.12,24.5,23.37,16.5,17.28,22.92,1,2026,1.31 days