Division,Field_No,Extent_Hect,Year_of_Planting,Last_Pruned,Age_Months, Yield_Sep_2025 ,Yield_2024_2025,Yield_2023_2024,Yield_2022_2023,Yield_2021_2022,Yield_2020_2021,Yield_2019_2020,Yield_2018_2019,Yield_2017_2018,Yield_2016_2017,Yield_2016_2015,Apr_Rainfall_18/19,Apr_Rainfall_19/20,Apr_Rainfall_20/21,Apr_Rainfall_21/22,Apr_Rainfall_22/23,Apr_Rainfall_23/24,Apr_Rainfall_24/25,May_Rainfall_17/18,May_Rainfall_18/19,May_Rainfall_19/20,May_Rainfall_20/21,May_Rainfall_21/22,May_Rainfall_22/23,May_Rainfall_23/24,May_Rainfall_24/25,Jun_Rainfall_17/18,Jun_Rainfall_18/19,Jun_Rainfall_19/20,Jun_Rainfall_20/21,Jun_Rainfall_21/22,Jun_Rainfall_22/23,Jun_Rainfall_23/24,Jun_Rainfall_24/25,Jul_Rainfall_17/18,Jul_Rainfall_18/19,Jul_Rainfall_19/20,Jul_Rainfall_20/21,Jul_Rainfall_21/22,Jul_Rainfall_22/23,Jul_Rainfall_23/24,Jul_Rainfall_24/25,Aug_Rainfall_17/18,Aug_Rainfall_18/19,Aug_Rainfall_19/20,Aug_Rainfall_20/21,Aug_Rainfall_21/22,Aug_Rainfall_22/23,Aug_Rainfall_23/24,Aug_Rainfall_24/25,Sep_Rainfall_17/18,Sep_Rainfall_18/19,Sep_Rainfall_19/20,Sep_Rainfall_20/21,Sep_Rainfall_21/22,Sep_Rainfall_22/23,Sep_Rainfall_23/24,Sep_Rainfall_24/25,Oct_Rainfall_17/18,Oct_Rainfall_18/19,Oct_Rainfall_19/20,Oct_Rainfall_20/21,Oct_Rainfall_21/22,Oct_Rainfall_22/23,Oct_Rainfall_23/24,Oct_Rainfall_24/25,Nov_Rainfall_17/18,Nov_Rainfall_18/19,Nov_Rainfall_19/20,Nov_Rainfall_20/21,Nov_Rainfall_21/22,Nov_Rainfall_22/23,Nov_Rainfall_23/24,Nov_Rainfall_24/25,Dec_Rainfall_17/18,Dec_Rainfall_18/19,Dec_Rainfall_19/20,Dec_Rainfall_20/21,Dec_Rainfall_21/22,Dec_Rainfall_22/23,Dec_Rainfall_23/24,Dec_Rainfall_24/25,Jan_Rainfall_17/18,Jan_Rainfall_18/19,Jan_Rainfall_20/21,Jan_Rainfall_21/22,Jan_Rainfall_22/23,Jan_Rainfall_23/24,Jan_Rainfall_24/25,Feb_Rainfall_17/18,Feb_Rainfall_18/19,Feb_Rainfall_21/22,Feb_Rainfall_22/23,Feb_Rainfall_23/24,Feb_Rainfall_24/25,Mar_Rainfall_17/18,Mar_Rainfall_18/19,Mar_Rainfall_19/20,Mar_Rainfall_20/21,Mar_Rainfall_21/22,Mar_Rainfall_22/23,Mar_Rainfall_23/24,Mar_Rainfall_24/25,Apr_WetDays_18/19,Apr_WetDays_19/20,Apr_WetDays_20/21,Apr_WetDays_21/22,Apr_WetDays_22/23,Apr_WetDays_23/24,Apr_WetDays_24/25,May_WetDays_17/18,May_WetDays_18/19,May_WetDays_19/20,May_WetDays_20/21,May_WetDays_21/22,May_WetDays_22/23,May_WetDays_23/24,May_WetDays_24/25,Jun_WetDays_17/18,Jun_WetDays_18/19,Jun_WetDays_19/20,Jun_WetDays_20/21,Jun_WetDays_21/22,Jun_WetDays_22/23,Jun_WetDays_23/24,Jun_WetDays_24/25,Jul_WetDays_17/18,Jul_WetDays_18/19,Jul_WetDays_19/20,Jul_WetDays_20/21,Jul_WetDays_21/22,Jul_WetDays_22/23,Jul_WetDays_23/24,Jul_WetDays_24/25,Aug_WetDays_17/18,Aug_WetDays_18/19,Aug_WetDays_19/20,Aug_WetDays_20/21,Aug_WetDays_21/22,Aug_WetDays_22/23,Aug_WetDays_23/24,Aug_WetDays_24/25,Sep_WetDays_17/18,Sep_WetDays_18/19,Sep_WetDays_19/20,Sep_WetDays_20/21,Sep_WetDays_21/22,Sep_WetDays_22/23,Sep_WetDays_23/24,Sep_WetDays_24/25,Oct_WetDays_17/18,Oct_WetDays_18/19,Oct_WetDays_19/20,Oct_WetDays_20/21,Oct_WetDays_21/22,Oct_WetDays_22/23,Oct_WetDays_23/24,Oct_WetDays_24/25,Nov_WetDays_17/18,Nov_WetDays_18/19,Nov_WetDays_19/20,Nov_WetDays_20/21,Nov_WetDays_21/22,Nov_WetDays_22/23,Nov_WetDays_23/24,Nov_WetDays_24/25,Dec_WetDays_17/18,Dec_WetDays_18/19,Dec_WetDays_19/20,Dec_WetDays_20/21,Dec_WetDays_21/22,Dec_WetDays_22/23,Dec_WetDays_23/24,Dec_WetDays_24/25,Jan_WetDays_17/18,Jan_WetDays_18/19,Jan_WetDays_20/21,Jan_WetDays_21/22,Jan_WetDays_22/23,Jan_WetDays_23/24,Jan_WetDays_24/25,Feb_WetDays_17/18,Feb_WetDays_18/19,Feb_WetDays_20/21,Feb_WetDays_21/22,Feb_WetDays_22/23,Feb_WetDays_23/24,Feb_WetDays_24/25,Mar_WetDays_17/18,Mar_WetDays_18/19,Mar_WetDays_19/20,Mar_WetDays_20/21,Mar_WetDays_21/22,Mar_WetDays_22/23,Mar_WetDays_23/24,Mar_WetDays_24/25,Sunshine_Hours_Jan_25/26,Sunshine_Hours_Feb_25/26,Sunshine_Hours_Mar_25/26,Sunshine_Hours_Apr_25/26,Sunshine_Hours_May_25/26,Sunshine_Hours_Jun_25/26,Sunshine_Hours_Jul_25/26,Sunshine_Hours_Aug_25/26,Carbon_%,Ph_Value,Plucking_Avg_Apr_23/24,Plucking_Avg_Apr_24/25,Plucking_Avg_Apr_25/26,Plucking_Avg_May_23/24,Plucking_Avg_May_24/25,Plucking_Avg_May_25/26,Plucking_Avg_Jun_23/24,Plucking_Avg_Jun_24/25,Plucking_Avg_Jun_25/26,Plucking_Avg_Jul_23/24,Plucking_Avg_Jul_24/25,Plucking_Avg_Jul_25/26,Plucking_Avg_Aug_23/24,Plucking_Avg_Aug_24/25,Plucking_Avg_Aug_25/26,Month_Current,Year_Current,Target_Days_Between_Harvests,Days_Since_Last_Pruning,Predicted_Soil_pH,Predicted_Soil_Carbon,Type_SD,Type_VP
LVO,1.0,4.0,1999.0,25-Sep-23,24.0,943.0,2036.0,809.0,1069.0,1287.0,1687.0,1148.0,1843.0,1880.0,1489.0,1369.0,373.0,349.0,222.0,224.0,595.0,542.0,115.0,856.0,831.0,120.0,766.0,959.0,1324.0,428.0,94.0,466.0,932.0,495.0,524.0,481.0,378.0,793.0,24.0,383.0,809.0,605.0,363.0,670.0,674.0,772.0,598.0,1326.0,1055.0,1175.0,527.0,955.0,1393.0,107.0,326.0,442.0,275.0,441.0,682.0,845.0,484.0,540.0,478.0,708.0,480.0,686.0,593.0,745.0,1166.0,563.0,417.0,250.0,231.0,375.0,160.0,866.0,213.0,522.0,895.0,272.0,219.0,227.0,275.0,192.0,210.0,282.0,192.0,46.0,48.0,100.0,78.0,58.0,46.0,184.0,95.0,202.0,89.0,78.0,22.0,49.0,164.0,65.0,44.0,228.0,237.0,367.0,45.0,76.0,20.0,16.0,16.0,16.0,24.0,18.0,25.0,27.0,26.0,8.0,19.0,23.0,24.0,18.0,18.0,28.0,30.0,20.0,20.0,19.0,24.0,28.0,7.0,20.0,26.0,13.0,19.0,25.0,26.0,21.0,22.0,20.0,20.0,26.0,16.0,24.0,20.0,8.0,16.0,25.0,13.0,21.0,27.0,22.0,10.0,25.0,24.0,22.0,24.0,27.0,15.0,26.0,25.0,30.0,16.0,17.0,18.0,16.0,14.0,26.0,8.0,25.0,23.0,13.0,9.0,13.0,12.0,6.0,11.0,16.0,8.0,5.0,3.0,11.0,8.0,8.0,9.0,10.0,9.0,8.0,6.0,7.0,6.0,2.0,3.0,11.0,3.0,6.0,11.0,9.0,15.0,3.0,8.0,195.0,236.0,76.0,44.0,24.0,39.0,40.0,49.5,2.36,3.77,41.26,23.08,28.44,35.97,24.34,22.53,32.41,25.77,19.7,20.69,28.71,19.35,20.19,21.17,21.28,1.0,2026.0,1.41,829.0,4.87,1.4,False,True
LVO,2.0,9.0,1999.0,7-Apr-24,17.0,879.0,843.0,1315.0,1118.0,1674.0,736.0,1455.0,1628.0,1960.0,1193.0,1415.0,373.0,349.0,222.0,224.0,595.0,542.0,115.0,856.0,831.0,120.0,766.0,959.0,1324.0,428.0,94.0,466.0,932.0,495.0,524.0,481.0,378.0,793.0,24.0,383.0,809.0,605.0,363.0,670.0,674.0,772.0,598.0,1326.0,1055.0,1175.0,527.0,955.0,1393.0,107.0,326.0,442.0,275.0,441.0,682.0,845.0,484.0,540.0,478.0,708.0,480.0,686.0,593.0,745.0,1166.0,563.0,417.0,250.0,231.0,375.0,160.0,866.0,213.0,522.0,895.0,272.0,219.0,227.0,275.0,192.0,210.0,282.0,192.0,46.0,48.0,100.0,78.0,58.0,46.0,184.0,95.0,202.0,89.0,78.0,22.0,49.0,164.0,65.0,44.0,228.0,237.0,367.0,45.0,76.0,20.0,16.0,16.0,16.0,24.0,18.0,25.0,27.0,26.0,8.0,19.0,23.0,24.0,18.0,18.0,28.0,30.0,20.0,20.0,19.0,24.0,28.0,7.0,20.0,26.0,13.0,19.0,25.0,26.0,21.0,22.0,20.0,20.0,26.0,16.0,24.0,20.0,8.0,16.0,25.0,13.0,21.0,27.0,22.0,10.0,25.0,24.0,22.0,24.0,27.0,15.0,26.0,25.0,30.0,16.0,17.0,18.0,16.0,14.0,26.0,8.0,25.0,23.0,13.0,9.0,13.0,12.0,6.0,11.0,16.0,8.0,5.0,3.0,11.0,8.0,8.0,9.0,10.0,9.0,8.0,6.0,7.0,6.0,2.0,3.0,11.0,3.0,6.0,11.0,9.0,15.0,3.0,8.0,195.0,236.0,76.0,44.0,24.0,39.0,40.0,49.5,2.29,4.81,41.26,23.08,28.44,35.97,24.34,22.53,32.41,25.77,19.7,20.69,28.71,19.35,20.19,21.17,21.28,1.0,2026.0,1.41,634.0,5.45,1.01,False,True
LVO,3.0,5.0,1999.0,10-Feb-25,7.0,452.0,967.0,1652.0,1493.0,805.0,1732.0,1783.0,1938.0,1315.0,1363.0,1931.0,373.0,349.0,222.0,224.0,595.0,542.0,115.0,856.0,831.0,120.0,766.0,959.0,1324.0,428.0,94.0,466.0,932.0,495.0,524.0,481.0,378.0,793.0,24.0,383.0,809.0,605.0,363.0,670.0,674.0,772.0,598.0,1326.0,1055.0,1175.0,527.0,955.0,1393.0,107.0,326.0,442.0,275.0,441.0,682.0,845.0,484.0,540.0,478.0,708.0,480.0,686.0,593.0,745.0,1166.0,563.0,417.0,250.0,231.0,375.0,160.0,866.0,213.0,522.0,895.0,272.0,219.0,227.0,275.0,192.0,210.0,282.0,192.0,46.0,48.0,100.0,78.0,58.0,46.0,184.0,95.0,202.0,89.0,78.0,22.0,49.0,164.0,65.0,44.0,228.0,237.0,367.0,45.0,76.0,20.0,16.0,16.0,16.0,24.0,18.0,25.0,27.0,26.0,8.0,19.0,23.0,24.0,18.0,18.0,28.0,30.0,20.0,20.0,19.0,24.0,28.0,7.0,20.0,26.0,13.0,19.0,25.0,26.0,21.0,22.0,20.0,20.0,26.0,16.0,24.0,20.0,8.0,16.0,25.0,13.0,21.0,27.0,22.0,10.0,25.0,24.0,22.0,24.0,27.0,15.0,26.0,25.0,30.0,16.0,17.0,18.0,16.0,14.0,26.0,8.0,25.0,23.0,13.0,9.0,13.0,12.0,6.0,11.0,16.0,8.0,5.0,3.0,11.0,8.0,8.0,9.0,10.0,9.0,8.0,6.0,7.0,6.0,2.0,3.0,11.0,3.0,6.0,11.0,9.0,15.0,3.0,8.0,195.0,236.0,76.0,44.0,24.0,39.0,40.0,49.5,3.19,3.85,41.26,23.08,28.44,35.97,24.34,22.53,32.41,25.77,19.7,20.69,28.71,19.35,20.19,21.17,21.28,1.0,2026.0,1.41,325.0,5.23,2.63,False,True
LVO,3B,5.0,1999.0,26-Mar-24,18.0,919.0,1120.0,1645.0,1475.0,1106.0,1221.0,1951.0,1876.0,1489.0,1290.0,1808.0,373.0,349.0,222.0,224.0,595.0,542.0,115.0,856.0,831.0,120.0,766.0,959.0,1324.0,428.0,94.0,466.0,932.0,495.0,524.0,481.0,378.0,793.0,24.0,383.0,809.0,605.0,363.0,670.0,674.0,772.0,598.0,1326.0,1055.0,1175.0,527.0,955.0,1393.0,107.0,326.0,442.0,275.0,441.0,682.0,845.0,484.0,540.0,478.0,708.0,480.0,686.0,593.0,745.0,1166.0,563.0,417.0,250.0,231.0,375.0,160.0,866.0,213.0,522.0,895.0,272.0,219.0,227.0,275.0,192.0,210.0,282.0,192.0,46.0,48.0,100.0,78.0,58.0,46.0,184.0,95.0,202.0,89.0,78.0,22.0,49.0,164.0,65.0,44.0,228.0,237.0,367.0,45.0,76.0,20.0,16.0,16.0,16.0,24.0,18.0,25.0,27.0,26.0,8.0,19.0,23.0,24.0,18.0,18.0,28.0,30.0,20.0,20.0,19.0,24.0,28.0,7.0,20.0,26.0,13.0,19.0,25.0,26.0,21.0,22.0,20.0,20.0,26.0,16.0,24.0,20.0,8.0,16.0,25.0,13.0,21.0,27.0,22.0,10.0,25.0,24.0,22.0,24.0,27.0,15.0,26.0,25.0,30.0,16.0,17.0,18.0,16.0,14.0,26.0,8.0,25.0,23.0,13.0,9.0,13.0,12.0,6.0,11.0,16.0,8.0,5.0,3.0,11.0,8.0,8.0,9.0,10.0,9.0,8.0,6.0,7.0,6.0,2.0,3.0,11.0,3.0,6.0,11.0,9.0,15.0,3.0,8.0,195.0,236.0,76.0,44.0,24.0,39.0,40.0,49.5,3.26,3.74,41.26,23.08,28.44,35.97,24.34,22.53,32.41,25.77,19.7,20.69,28.71,19.35,20.19,21.17,21.28,1.0,2026.0,1.41,646.0,5.1,2.41,False,True
LVO,5.0,7.0,1999.0,19-Aug-24,13.0,1000.0,963.0,1609.0,1344.0,1877.0,1072.0,1862.0,2307.0,2726.0,721.0,1891.0,373.0,349.0,222.0,224.0,595.0,542.0,115.0,856.0,831.0,120.0,766.0,959.0,1324.0,428.0,94.0,466.0,932.0,495.0,524.0,481.0,378.0,793.0,24.0,383.0,809.0,605.0,363.0,670.0,674.0,772.0,598.0,1326.0,1055.0,1175.0,527.0,955.0,1393.0,107.0,326.0,442.0,275.0,441.0,682.0,845.0,484.0,540.0,478.0,708.0,480.0,686.0,593.0,745.0,1166.0,563.0,417.0,250.0,231.0,375.0,160.0,866.0,213.0,522.0,895.0,272.0,219.0,227.0,275.0,192.0,210.0,282.0,192.0,46.0,48.0,100.0,78.0,58.0,46.0,184.0,95.0,202.0,89.0,78.0,22.0,49.0,164.0,65.0,44.0,228.0,237.0,367.0,45.0,76.0,20.0,16.0,16.0,16.0,24.0,18.0,25.0,27.0,26.0,8.0,19.0,23.0,24.0,18.0,18.0,28.0,30.0,20.0,20.0,19.0,24.0,28.0,7.0,20.0,26.0,13.0,19.0,25.0,26.0,21.0,22.0,20.0,20.0,26.0,16.0,24.0,20.0,8.0,16.0,25.0,13.0,21.0,27.0,22.0,10.0,25.0,24.0,22.0,24.0,27.0,15.0,26.0,25.0,30.0,16.0,17.0,18.0,16.0,14.0,26.0,8.0,25.0,23.0,13.0,9.0,13.0,12.0,6.0,11.0,16.0,8.0,5.0,3.0,11.0,8.0,8.0,9.0,10.0,9.0,8.0,6.0,7.0,6.0,2.0,3.0,11.0,3.0,6.0,11.0,9.0,15.0,3.0,8.0,195.0,236.0,76.0,44.0,24.0,39.0,40.0,49.5,3.11,3.88,41.26,23.08,28.44,35.97,24.34,22.53,32.41,25.77,19.7,20.69,28.71,19.35,20.19,21.17,21.28,1.0,2026.0,1.41,500.0,4.66,2.46,False,True
LVO,5A,7.0,1999.0,28-Mar-24,18.0,902.0,1220.0,1139.0,1159.0,1838.0,623.0,1808.0,2759.0,2635.0,942.0,1715.0,373.0,349.0,222.0,224.0,595.0,542.0,115.0,856.0,831.0,120.0,766.0,959.0,1324.0,428.0,94.0,466.0,932.0,495.0,524.0,481.0,378.0,793.0,24.0,383.0,809.0,605.0,363.0,670.0,674.0,772.0,598.0,1326.0,1055.0,1175.0,527.0,955.0,1393.0,107.0,326.0,442.0,275.0,441.0,682.0,845.0,484.0,540.0,478.0,708.0,480.0,686.0,593.0,745.0,1166.0,563.0,417.0,250.0,231.0,375.0,160.0,866.0,213.0,522.0,895.0,272.0,219.0,227.0,275.0,192.0,210.0,282.0,192.0,46.0,48.0,100.0,78.0,58.0,46.0,184.0,95.0,202.0,89.0,78.0,22.0,49.0,164.0,65.0,44.0,228.0,237.0,367.0,45.0,76.0,20.0,16.0,16.0,16.0,24.0,18.0,25.0,27.0,26.0,8.0,19.0,23.0,24.0,18.0,18.0,28.0,30.0,20.0,20.0,19.0,24.0,28.0,7.0,20.0,26.0,13.0,19.0,25.0,26.0,21.0,22.0,20.0,20.0,26.0,16.0,24.0,20.0,8.0,16.0,25.0,13.0,21.0,27.0,22.0,10.0,25.0,24.0,22.0,24.0,27.0,15.0,26.0,25.0,30.0,16.0,17.0,18.0,16.0,14.0,26.0,8.0,25.0,23.0,13.0,9.0,13.0,12.0,6.0,11.0,16.0,8.0,5.0,3.0,11.0,8.0,8.0,9.0,10.0,9.0,8.0,6.0,7.0,6.0,2.0,3.0,11.0,3.0,6.0,11.0,9.0,15.0,3.0,8.0,195.0,236.0,76.0,44.0,24.0,39.0,40.0,49.5,1.61,5.42,41.26,23.08,28.44,35.97,24.34,22.53,32.41,25.77,19.7,20.69,28.71,19.35,20.19,21.17,21.28,1.0,2026.0,1.41,644.0,4.66,2.54,False,True
LVO,6.0,6.0,1999.0,12-Aug-25,1.0,155.0,1515.0,1503.0,1129.0,931.0,2008.0,2035.0,1292.0,1655.0,1405.0,2083.0,373.0,349.0,222.0,224.0,595.0,542.0,115.0,856.0,831.0,120.0,766.0,959.0,1324.0,428.0,94.0,466.0,932.0,495.0,524.0,481.0,378.0,793.0,24.0,383.0,809.0,605.0,363.0,670.0,674.0,772.0,598.0,1326.0,1055.0,1175.0,527.0,955.0,1393.0,107.0,326.0,442.0,275.0,441.0,682.0,845.0,484.0,540.0,478.0,708.0,480.0,686.0,593.0,745.0,1166.0,563.0,417.0,250.0,231.0,375.0,160.0,866.0,213.0,522.0,895.0,272.0,219.0,227.0,275.0,192.0,210.0,282.0,192.0,46.0,48.0,100.0,78.0,58.0,46.0,184.0,95.0,202.0,89.0,78.0,22.0,49.0,164.0,65.0,44.0,228.0,237.0,367.0,45.0,76.0,20.0,16.0,16.0,16.0,24.0,18.0,25.0,27.0,26.0,8.0,19.0,23.0,24.0,18.0,18.0,28.0,30.0,20.0,20.0,19.0,24.0,28.0,7.0,20.0,26.0,13.0,19.0,25.0,26.0,21.0,22.0,20.0,20.0,26.0,16.0,24.0,20.0,8.0,16.0,25.0,13.0,21.0,27.0,22.0,10.0,25.0,24.0,22.0,24.0,27.0,15.0,26.0,25.0,30.0,16.0,17.0,18.0,16.0,14.0,26.0,8.0,25.0,23.0,13.0,9.0,13.0,12.0,6.0,11.0,16.0,8.0,5.0,3.0,11.0,8.0,8.0,9.0,10.0,9.0,8.0,6.0,7.0,6.0,2.0,3.0,11.0,3.0,6.0,11.0,9.0,15.0,3.0,8.0,195.0,236.0,76.0,44.0,24.0,39.0,40.0,49.5,2.78,4.36,41.26,23.08,28.44,35.97,24.34,22.53,32.41,25.77,19.7,20.69,28.71,19.35,20.19,21.17,21.28,1.0,2026.0,1.41,142.0,4.56,1.15,False,True
LVO,6A,5.0,1999.0,31-Aug-22,37.0,781.0,1588.0,1849.0,632.0,1511.0,2215.0,2180.0,1267.0,2393.0,1577.0,2444.0,373.0,349.0,222.0,224.0,595.0,542.0,115.0,856.0,831.0,120.0,766.0,959.0,1324.0,428.0,94.0,466.0,932.0,495.0,524.0,481.0,378.0,793.0,24.0,383.0,809.0,605.0,363.0,670.0,674.0,772.0,598.0,1326.0,1055.0,1175.0,527.0,955.0,1393.0,107.0,326.0,442.0,275.0,441.0,682.0,845.0,484.0,540.0,478.0,708.0,480.0,686.0,593.0,745.0,1166.0,563.0,417.0,250.0,231.0,375.0,160.0,866.0,213.0,522.0,895.0,272.0,219.0,227.0,275.0,192.0,210.0,282.0,192.0,46.0,48.0,100.0,78.0,58.0,46.0,184.0,95.0,202.0,89.0,78.0,22.0,49.0,164.0,65.0,44.0,228.0,237.0,367.0,45.0,76.0,20.0,16.0,16.0,16.0,24.0,18.0,25.0,27.0,26.0,8.0,19.0,23.0,24.0,18.0,18.0,28.0,30.0,20.0,20.0,19.0,24.0,28.0,7.0,20.0,26.0,13.0,19.0,25.0,26.0,21.0,22.0,20.0,20.0,26.0,16.0,24.0,20.0,8.0,16.0,25.0,13.0,21.0,27.0,22.0,10.0,25.0,24.0,22.0,24.0,27.0,15.0,26.0,25.0,30.0,16.0,17.0,18.0,16.0,14.0,26.0,8.0,25.0,23.0,13.0,9.0,13.0,12.0,6.0,11.0,16.0,8.0,5.0,3.0,11.0,8.0,8.0,9.0,10.0,9.0,8.0,6.0,7.0,6.0,2.0,3.0,11.0,3.0,6.0,11.0,9.0,15.0,3.0,8.0,195.0,236.0,76.0,44.0,24.0,39.0,40.0,49.5,2.96,3.3,41.26,23.08,28.44,35.97,24.34,22.53,32.41,25.77,19.7,20.69,28.71,19.35,20.19,21.17,21.28,1.0,2026.0,1.41,1219.0,5.37,1.72,False,True
LVO,7.0,7.0,1999.0,18-Aug-23,25.0,872.0,1706.0,844.0,1385.0,1656.0,1792.0,1287.0,2019.0,2245.0,1791.0,1267.0,373.0,349.0,222.0,224.0,595.0,542.0,115.0,856.0,831.0,120.0,766.0,959.0,1324.0,428.0,94.0,466.0,932.0,495.0,524.0,481.0,378.0,793.0,24.0,383.0,809.0,605.0,363.0,670.0,674.0,772.0,598.0,1326.0,1055.0,1175.0,527.0,955.0,1393.0,107.0,326.0,442.0,275.0,441.0,682.0,845.0,484.0,540.0,478.0,708.0,480.0,686.0,593.0,745.0,1166.0,563.0,417.0,250.0,231.0,375.0,160.0,866.0,213.0,522.0,895.0,272.0,219.0,227.0,275.0,192.0,210.0,282.0,192.0,46.0,48.0,100.0,78.0,58.0,46.0,184.0,95.0,202.0,89.0,78.0,22.0,49.0,164.0,65.0,44.0,228.0,237.0,367.0,45.0,76.0,20.0,16.0,16.0,16.0,24.0,18.0,25.0,27.0,26.0,8.0,19.0,23.0,24.0,18.0,18.0,28.0,30.0,20.0,20.0,19.0,24.0,28.0,7.0,20.0,26.0,13.0,19.0,25.0,26.0,21.0,22.0,20.0,20.0,26.0,16.0,24.0,20.0,8.0,16.0,25.0,13.0,21.0,27.0,22.0,10.0,25.0,24.0,22.0,24.0,27.0,15.0,26.0,25.0,30.0,16.0,17.0,18.0,16.0,14.0,26.0,8.0,25.0,23.0,13.0,9.0,13.0,12.0,6.0,11.0,16.0,8.0,5.0,3.0,11.0,8.0,8.0,9.0,10.0,9.0,8.0,6.0,7.0,6.0,2.0,3.0,11.0,3.0,6.0,11.0,9.0,15.0,3.0,8.0,195.0,236.0,76.0,44.0,24.0,39.0,40.0,49.5,2.14,4.53,41.26,23.08,28.44,35.97,24.34,22.53,32.41,25.77,19.7,20.69,28.71,19.35,20.19,21.17,21.28,1.0,2026.0,1.41,867.0,5.1,1.23,False,True
LVO,7A,6.0,1999.0,13-Sep-23,24.0,937.0,1628.0,691.0,1191.0,1549.0,1956.0,1405.0,1797.0,1792.0,1574.0,933.0,373.0,349.0,222.0,224.0,595.0,542.0,115.0,856.0,831.0,120.0,766.0,959.0,1324.0,428.0,94.0,466.0,932.0,495.0,524.0,481.0,378.0,793.0,24.0,383.0,809.0,605.0,363.0,670.0,674.0,772.0,598.0,1326.0,1055.0,1175.0,527.0,955.0,1393.0,107.0,326.0,442.0,275.0,441.0,682.0,845.0,484.0,540.0,478.0,708.0,480.0,686.0,593.0,745.0,1166.0,563.0,417.0,250.0,231.0,375.0,160.0,866.0,213.0,522.0,895.0,272.0,219.0,227.0,275.0,192.0,210.0,282.0,192.0,46.0,48.0,100.0,78.0,58.0,46.0,184.0,95.0,202.0,89.0,78.0,22.0,49.0,164.0,65.0,44.0,228.0,237.0,367.0,45.0,76.0,20.0,16.0,16.0,16.0,24.0,18.0,25.0,27.0,26.0,8.0,19.0,23.0,24.0,18.0,18.0,28.0,30.0,20.0,20.0,19.0,24.0,28.0,7.0,20.0,26.0,13.0,19.0,25.0,26.0,21.0,22.0,20.0,20.0,26.0,16.0,24.0,20.0,8.0,16.0,25.0,13.0,21.0,27.0,22.0,10.0,25.0,24.0,22.0,24.0,27.0,15.0,26.0,25.0,30.0,16.0,17.0,18.0,16.0,14.0,26.0,8.0,25.0,23.0,13.0,9.0,13.0,12.0,6.0,11.0,16.0,8.0,5.0,3.0,11.0,8.0,8.0,9.0,10.0,9.0,8.0,6.0,7.0,6.0,2.0,3.0,11.0,3.0,6.0,11.0,9.0,15.0,3.0,8.0,195.0,236.0,76.0,44.0,24.0,39.0,40.0,49.5,2.66,4.72,41.26,23.08,28.44,35.97,24.34,22.53,32.41,25.77,19.7,20.69,28.71,19.35,20.19,21.17,21.28,1.0,2026.0,1.41,841.0,5.21,2.73,False,True
LVO,8.0,8.5,1999.0,29-Aug-24,12.0,947.0,875.0,1425.0,1108.0,1771.0,767.0,1647.0,1839.0,2142.0,1251.0,1419.0,373.0,349.0,222.0,224.0,595.0,542.0,115.0,856.0,831.0,120.0,766.0,959.0,1324.0,428.0,94.0,466.0,932.0,495.0,524.0,481.0,378.0,793.0,24.0,383.0,809.0,605.0,363.0,670.0,674.0,772.0,598.0,1326.0,1055.0,1175.0,527.0,955.0,1393.0,107.0,326.0,442.0,275.0,441.0,682.0,845.0,484.0,540.0,478.0,708.0,480.0,686.0,593.0,745.0,1166.0,563.0,417.0,250.0,231.0,375.0,160.0,866.0,213.0,522.0,895.0,272.0,219.0,227.0,275.0,192.0,210.0,282.0,192.0,46.0,48.0,100.0,78.0,58.0,46.0,184.0,95.0,202.0,89.0,78.0,22.0,49.0,164.0,65.0,44.0,228.0,237.0,367.0,45.0,76.0,20.0,16.0,16.0,16.0,24.0,18.0,25.0,27.0,26.0,8.0,19.0,23.0,24.0,18.0,18.0,28.0,30.0,20.0,20.0,19.0,24.0,28.0,7.0,20.0,26.0,13.0,19.0,25.0,26.0,21.0,22.0,20.0,20.0,26.0,16.0,24.0,20.0,8.0,16.0,25.0,13.0,21.0,27.0,22.0,10.0,25.0,24.0,22.0,24.0,27.0,15.0,26.0,25.0,30.0,16.0,17.0,18.0,16.0,14.0,26.0,8.0,25.0,23.0,13.0,9.0,13.0,12.0,6.0,11.0,16.0,8.0,5.0,3.0,11.0,8.0,8.0,9.0,10.0,9.0,8.0,6.0,7.0,6.0,2.0,3.0,11.0,3.0,6.0,11.0,9.0,15.0,3.0,8.0,195.0,236.0,76.0,44.0,24.0,39.0,40.0,49.5,2.14,3.87,41.26,23.08,28.44,35.97,24.34,22.53,32.41,25.77,19.7,20.69,28.71,19.35,20.19,21.17,21.28,1.0,2026.0,1.41,490.0,4.52,2.25,False,True
LVO,9A,5.0,1999.0,31-Mar-23,30.0,841.0,1488.0,1159.0,1151.0,1481.0,1487.0,1059.0,1478.0,1744.0,1327.0,1030.0,373.0,349.0,222.0,224.0,595.0,542.0,115.0,856.0,831.0,120.0,766.0,959.0,1324.0,428.0,94.0,466.0,932.0,495.0,524.0,481.0,378.0,793.0,24.0,383.0,809.0,605.0,363.0,670.0,674.0,772.0,598.0,1326.0,1055.0,1175.0,527.0,955.0,1393.0,107.0,326.0,442.0,275.0,441.0,682.0,845.0,484.0,540.0,478.0,708.0,480.0,686.0,593.0,745.0,1166.0,563.0,417.0,250.0,231.0,375.0,160.0,866.0,213.0,522.0,895.0,272.0,219.0,227.0,275.0,192.0,210.0,282.0,192.0,46.0,48.0,100.0,78.0,58.0,46.0,184.0,95.0,202.0,89.0,78.0,22.0,49.0,164.0,65.0,44.0,228.0,237.0,367.0,45.0,76.0,20.0,16.0,16.0,16.0,24.0,18.0,25.0,27.0,26.0,8.0,19.0,23.0,24.0,18.0,18.0,28.0,30.0,20.0,20.0,19.0,24.0,28.0,7.0,20.0,26.0,13.0,19.0,25.0,26.0,21.0,22.0,20.0,20.0,26.0,16.0,24.0,20.0,8.0,16.0,25.0,13.0,21.0,27.0,22.0,10.0,25.0,24.0,22.0,24.0,27.0,15.0,26.0,25.0,30.0,16.0,17.0,18.0,16.0,14.0,26.0,8.0,25.0,23.0,13.0,9.0,13.0,12.0,6.0,11.0,16.0,8.0,5.0,3.0,11.0,8.0,8.0,9.0,10.0,9.0,8.0,6.0,7.0,6.0,2.0,3.0,11.0,3.0,6.0,11.0,9.0,15.0,3.0,8.0,195.0,236.0,76.0,44.0,24.0,39.0,40.0,49.5,2.34,5.84,41.26,23.08,28.44,35.97,24.34,22.53,32.41,25.77,19.7,20.69,28.71,19.35,20.19,21.17,21.28,1.0,2026.0,1.41,1007.0,5.47,1.66,False,True
LVO,9B,5.0,1999.0,28-Feb-25,6.0,424.0,1533.0,1740.0,1542.0,1088.0,1973.0,2130.0,2742.0,1544.0,1803.0,2642.0,373.0,349.0,222.0,224.0,595.0,542.0,115.0,856.0,831.0,120.0,766.0,959.0,1324.0,428.0,94.0,466.0,932.0,495.0,524.0,481.0,378.0,793.0,24.0,383.0,809.0,605.0,363.0,670.0,674.0,772.0,598.0,1326.0,1055.0,1175.0,527.0,955.0,1393.0,107.0,326.0,442.0,275.0,441.0,682.0,845.0,484.0,540.0,478.0,708.0,480.0,686.0,593.0,745.0,1166.0,563.0,417.0,250.0,231.0,375.0,160.0,866.0,213.0,522.0,895.0,272.0,219.0,227.0,275.0,192.0,210.0,282.0,192.0,46.0,48.0,100.0,78.0,58.0,46.0,184.0,95.0,202.0,89.0,78.0,22.0,49.0,164.0,65.0,44.0,228.0,237.0,367.0,45.0,76.0,20.0,16.0,16.0,16.0,24.0,18.0,25.0,27.0,26.0,8.0,19.0,23.0,24.0,18.0,18.0,28.0,30.0,20.0,20.0,19.0,24.0,28.0,7.0,20.0,26.0,13.0,19.0,25.0,26.0,21.0,22.0,20.0,20.0,26.0,16.0,24.0,20.0,8.0,16.0,25.0,13.0,21.0,27.0,22.0,10.0,25.0,24.0,22.0,24.0,27.0,15.0,26.0,25.0,30.0,16.0,17.0,18.0,16.0,14.0,26.0,8.0,25.0,23.0,13.0,9.0,13.0,12.0,6.0,11.0,16.0,8.0,5.0,3.0,11.0,8.0,8.0,9.0,10.0,9.0,8.0,6.0,7.0,6.0,2.0,3.0,11.0,3.0,6.0,11.0,9.0,15.0,3.0,8.0,195.0,236.0,76.0,44.0,24.0,39.0,40.0,49.5,1.39,4.73,41.26,23.08,28.44,35.97,24.34,22.53,32.41,25.77,19.7,20.69,28.71,19.35,20.19,21.17,21.28,1.0,2026.0,1.41,307.0,5.33,1.13,False,True
LVO,9C,5.0,1999.0,20-Mar-23,30.0,643.0,1349.0,1277.0,920.0,1369.0,1431.0,1256.0,1351.0,1399.0,1292.0,1125.0,373.0,349.0,222.0,224.0,595.0,542.0,115.0,856.0,831.0,120.0,766.0,959.0,1324.0,428.0,94.0,466.0,932.0,495.0,524.0,481.0,378.0,793.0,24.0,383.0,809.0,605.0,363.0,670.0,674.0,772.0,598.0,1326.0,1055.0,1175.0,527.0,955.0,1393.0,107.0,326.0,442.0,275.0,441.0,682.0,845.0,484.0,540.0,478.0,708.0,480.0,686.0,593.0,745.0,1166.0,563.0,417.0,250.0,231.0,375.0,160.0,866.0,213.0,522.0,895.0,272.0,219.0,227.0,275.0,192.0,210.0,282.0,192.0,46.0,48.0,100.0,78.0,58.0,46.0,184.0,95.0,202.0,89.0,78.0,22.0,49.0,164.0,65.0,44.0,228.0,237.0,367.0,45.0,76.0,20.0,16.0,16.0,16.0,24.0,18.0,25.0,27.0,26.0,8.0,19.0,23.0,24.0,18.0,18.0,28.0,30.0,20.0,20.0,19.0,24.0,28.0,7.0,20.0,26.0,13.0,19.0,25.0,26.0,21.0,22.0,20.0,20.0,26.0,16.0,24.0,20.0,8.0,16.0,25.0,13.0,21.0,27.0,22.0,10.0,25.0,24.0,22.0,24.0,27.0,15.0,26.0,25.0,30.0,16.0,17.0,18.0,16.0,14.0,26.0,8.0,25.0,23.0,13.0,9.0,13.0,12.0,6.0,11.0,16.0,8.0,5.0,3.0,11.0,8.0,8.0,9.0,10.0,9.0,8.0,6.0,7.0,6.0,2.0,3.0,11.0,3.0,6.0,11.0,9.0,15.0,3.0,8.0,195.0,236.0,76.0,44.0,24.0,39.0,40.0,49.5,2.27,5.48,41.26,23.08,28.44,35.97,24.34,22.53,32.41,25.77,19.7,20.69,28.71,19.35,20.19,21.17,21.28,1.0,2026.0,1.41,1018.0,4.71,1.62,False,True
LVO,9D,5.0,1999.0,21-Mar-22,42.0,269.0,1428.0,1546.0,658.0,1296.0,2017.0,2146.0,1116.0,1950.0,1544.0,2260.0,373.0,349.0,222.0,224.0,595.0,542.0,115.0,856.0,831.0,120.0,766.0,959.0,1324.0,428.0,94.0,466.0,932.0,495.0,524.0,481.0,378.0,793.0,24.0,383.0,809.0,605.0,363.0,670.0,674.0,772.0,598.0,1326.0,1055.0,1175.0,527.0,955.0,1393.0,107.0,326.0,442.0,275.0,441.0,682.0,845.0,484.0,540.0,478.0,708.0,480.0,686.0,593.0,745.0,1166.0,563.0,417.0,250.0,231.0,375.0,160.0,866.0,213.0,522.0,895.0,272.0,219.0,227.0,275.0,192.0,210.0,282.0,192.0,46.0,48.0,100.0,78.0,58.0,46.0,184.0,95.0,202.0,89.0,78.0,22.0,49.0,164.0,65.0,44.0,228.0,237.0,367.0,45.0,76.0,20.0,16.0,16.0,16.0,24.0,18.0,25.0,27.0,26.0,8.0,19.0,23.0,24.0,18.0,18.0,28.0,30.0,20.0,20.0,19.0,24.0,28.0,7.0,20.0,26.0,13.0,19.0,25.0,26.0,21.0,22.0,20.0,20.0,26.0,16.0,24.0,20.0,8.0,16.0,25.0,13.0,21.0,27.0,22.0,10.0,25.0,24.0,22.0,24.0,27.0,15.0,26.0,25.0,30.0,16.0,17.0,18.0,16.0,14.0,26.0,8.0,25.0,23.0,13.0,9.0,13.0,12.0,6.0,11.0,16.0,8.0,5.0,3.0,11.0,8.0,8.0,9.0,10.0,9.0,8.0,6.0,7.0,6.0,2.0,3.0,11.0,3.0,6.0,11.0,9.0,15.0,3.0,8.0,195.0,236.0,76.0,44.0,24.0,39.0,40.0,49.5,2.81,3.68,41.26,23.08,28.44,35.97,24.34,22.53,32.41,25.77,19.7,20.69,28.71,19.35,20.19,21.17,21.28,1.0,2026.0,1.41,1382.0,4.68,1.65,False,True
LVO,4.0,,,,,,-,-,-,-,-,-,-,-,645.0,991.0,373.0,349.0,222.0,224.0,595.0,542.0,115.0,856.0,831.0,120.0,766.0,959.0,1324.0,428.0,94.0,466.0,932.0,495.0,524.0,481.0,378.0,793.0,24.0,383.0,809.0,605.0,363.0,670.0,674.0,772.0,598.0,1326.0,1055.0,1175.0,527.0,955.0,1393.0,107.0,326.0,442.0,275.0,441.0,682.0,845.0,484.0,540.0,478.0,708.0,480.0,686.0,593.0,745.0,1166.0,563.0,417.0,250.0,231.0,375.0,160.0,866.0,213.0,522.0,895.0,272.0,219.0,227.0,275.0,192.0,210.0,282.0,192.0,46.0,48.0,100.0,78.0,58.0,46.0,184.0,95.0,202.0,89.0,78.0,22.0,49.0,164.0,65.0,44.0,228.0,237.0,367.0,45.0,76.0,20.0,16.0,16.0,16.0,24.0,18.0,25.0,27.0,26.0,8.0,19.0,23.0,24.0,18.0,18.0,28.0,30.0,20.0,20.0,19.0,24.0,28.0,7.0,20.0,26.0,13.0,19.0,25.0,26.0,21.0,22.0,20.0,20.0,26.0,16.0,24.0,20.0,8.0,16.0,25.0,13.0,21.0,27.0,22.0,10.0,25.0,24.0,22.0,24.0,27.0,15.0,26.0,25.0,30.0,16.0,17.0,18.0,16.0,14.0,26.0,8.0,25.0,23.0,13.0,9.0,13.0,12.0,6.0,11.0,16.0,8.0,5.0,3.0,11.0,8.0,8.0,9.0,10.0,9.0,8.0,6.0,7.0,6.0,2.0,3.0,11.0,3.0,6.0,11.0,9.0,15.0,3.0,8.0,195.0,236.0,76.0,44.0,24.0,39.0,40.0,49.5,-,-,41.26,23.08,28.44,35.97,24.34,22.53,32.41,25.77,19.7,20.69,28.71,19.35,20.19,21.17,21.28,1.0,2026.0,1.41,,4.68,2.46,False,False
LVO,4B,,,,,,-,-,-,-,-,-,-,-,484.0,1011.0,373.0,349.0,222.0,224.0,595.0,542.0,115.0,856.0,831.0,120.0,766.0,959.0,1324.0,428.0,94.0,466.0,932.0,495.0,524.0,481.0,378.0,793.0,24.0,383.0,809.0,605.0,363.0,670.0,674.0,772.0,598.0,1326.0,1055.0,1175.0,527.0,955.0,1393.0,107.0,326.0,442.0,275.0,441.0,682.0,845.0,484.0,540.0,478.0,708.0,480.0,686.0,593.0,745.0,1166.0,563.0,417.0,250.0,231.0,375.0,160.0,866.0,213.0,522.0,895.0,272.0,219.0,227.0,275.0,192.0,210.0,282.0,192.0,46.0,48.0,100.0,78.0,58.0,46.0,184.0,95.0,202.0,89.0,78.0,22.0,49.0,164.0,65.0,44.0,228.0,237.0,367.0,45.0,76.0,20.0,16.0,16.0,16.0,24.0,18.0,25.0,27.0,26.0,8.0,19.0,23.0,24.0,18.0,18.0,28.0,30.0,20.0,20.0,19.0,24.0,28.0,7.0,20.0,26.0,13.0,19.0,25.0,26.0,21.0,22.0,20.0,20.0,26.0,16.0,24.0,20.0,8.0,16.0,25.0,13.0,21.0,27.0,22.0,10.0,25.0,24.0,22.0,24.0,27.0,15.0,26.0,25.0,30.0,16.0,17.0,18.0,16.0,14.0,26.0,8.0,25.0,23.0,13.0,9.0,13.0,12.0,6.0,11.0,16.0,8.0,5.0,3.0,11.0,8.0,8.0,9.0,10.0,9.0,8.0,6.0,7.0,6.0,2.0,3.0,11.0,3.0,6.0,11.0,9.0,15.0,3.0,8.0,195.0,236.0,76.0,44.0,24.0,39.0,40.0,49.5,-,-,41.26,23.08,28.44,35.97,24.34,22.53,32.41,25.77,19.7,20.69,28.71,19.35,20.19,21.17,21.28,1.0,2026.0,1.41,,4.8,2.28,False,False
UVO,11.0,3.0,,29-Aug-24,12.0,1025.0,658.0,1790.0,1669.0,2118.0,1595.0,2031.0,2340.0,2756.0,1720.0,1730.0,373.0,349.0,222.0,224.0,595.0,542.0,115.0,856.0,831.0,120.0,766.0,959.0,1324.0,428.0,94.0,466.0,932.0,495.0,524.0,481.0,378.0,793.0,24.0,383.0,809.0,605.0,363.0,670.0,674.0,772.0,598.0,1326.0,1055.0,1175.0,527.0,955.0,1393.0,107.0,326.0,442.0,275.0,441.0,682.0,845.0,484.0,540.0,478.0,708.0,480.0,686.0,593.0,745.0,1166.0,563.0,417.0,250.0,231.0,375.0,160.0,866.0,213.0,522.0,895.0,272.0,219.0,227.0,275.0,192.0,210.0,282.0,192.0,46.0,48.0,100.0,78.0,58.0,46.0,184.0,95.0,202.0,89.0,78.0,22.0,49.0,164.0,65.0,44.0,228.0,237.0,367.0,45.0,76.0,20.0,16.0,16.0,16.0,24.0,18.0,25.0,27.0,26.0,8.0,19.0,23.0,24.0,18.0,18.0,28.0,30.0,20.0,20.0,19.0,24.0,28.0,7.0,20.0,26.0,13.0,19.0,25.0,26.0,21.0,22.0,20.0,20.0,26.0,16.0,24.0,20.0,8.0,16.0,25.0,13.0,21.0,27.0,22.0,10.0,25.0,24.0,22.0,24.0,27.0,15.0,26.0,25.0,30.0,16.0,17.0,18.0,16.0,14.0,26.0,8.0,25.0,23.0,13.0,9.0,13.0,12.0,6.0,11.0,16.0,8.0,5.0,3.0,11.0,8.0,8.0,9.0,10.0,9.0,8.0,6.0,7.0,6.0,2.0,3.0,11.0,3.0,6.0,11.0,9.0,15.0,3.0,8.0,195.0,236.0,76.0,44.0,24.0,39.0,40.0,49.5,2.89,4.61,23.53,20.56,28.38,23.71,22.3,23.08,22.37,20.88,19.67,17.29,24.0,20.05,19.86,17.35,19.12,1.0,2026.0,1.57,490.0,5.02,2.77,False,False
UVO,12.0,4.0,,25-Feb-22,43.0,262.0,1400.0,1470.0,1364.0,1039.0,1062.0,1753.0,2199.0,1188.0,1557.0,1870.0,373.0,349.0,222.0,224.0,595.0,542.0,115.0,856.0,831.0,120.0,766.0,959.0,1324.0,428.0,94.0,466.0,932.0,495.0,524.0,481.0,378.0,793.0,24.0,383.0,809.0,605.0,363.0,670.0,674.0,772.0,598.0,1326.0,1055.0,1175.0,527.0,955.0,1393.0,107.0,326.0,442.0,275.0,441.0,682.0,845.0,484.0,540.0,478.0,708.0,480.0,686.0,593.0,745.0,1166.0,563.0,417.0,250.0,231.0,375.0,160.0,866.0,213.0,522.0,895.0,272.0,219.0,227.0,275.0,192.0,210.0,282.0,192.0,46.0,48.0,100.0,78.0,58.0,46.0,184.0,95.0,202.0,89.0,78.0,22.0,49.0,164.0,65.0,44.0,228.0,237.0,367.0,45.0,76.0,20.0,16.0,16.0,16.0,24.0,18.0,25.0,27.0,26.0,8.0,19.0,23.0,24.0,18.0,18.0,28.0,30.0,20.0,20.0,19.0,24.0,28.0,7.0,20.0,26.0,13.0,19.0,25.0,26.0,21.0,22.0,20.0,20.0,26.0,16.0,24.0,20.0,8.0,16.0,25.0,13.0,21.0,27.0,22.0,10.0,25.0,24.0,22.0,24.0,27.0,15.0,26.0,25.0,30.0,16.0,17.0,18.0,16.0,14.0,26.0,8.0,25.0,23.0,13.0,9.0,13.0,12.0,6.0,11.0,16.0,8.0,5.0,3.0,11.0,8.0,8.0,9.0,10.0,9.0,8.0,6.0,7.0,6.0,2.0,3.0,11.0,3.0,6.0,11.0,9.0,15.0,3.0,8.0,195.0,236.0,76.0,44.0,24.0,39.0,40.0,49.5,1.2,6.61,23.53,20.56,28.38,23.71,22.3,23.08,22.37,20.88,19.67,17.29,24.0,20.05,19.86,17.35,19.12,1.0,2026.0,1.57,1406.0,4.93,1.94,False,True
UVO,13.0,6.0,,31-Aug-22,37.0,812.0,1279.0,1329.0,696.0,960.0,1382.0,1565.0,1179.0,2121.0,1547.0,1913.0,373.0,349.0,222.0,224.0,595.0,542.0,115.0,856.0,831.0,120.0,766.0,959.0,1324.0,428.0,94.0,466.0,932.0,495.0,524.0,481.0,378.0,793.0,24.0,383.0,809.0,605.0,363.0,670.0,674.0,772.0,598.0,1326.0,1055.0,1175.0,527.0,955.0,1393.0,107.0,326.0,442.0,275.0,441.0,682.0,845.0,484.0,540.0,478.0,708.0,480.0,686.0,593.0,745.0,1166.0,563.0,417.0,250.0,231.0,375.0,160.0,866.0,213.0,522.0,895.0,272.0,219.0,227.0,275.0,192.0,210.0,282.0,192.0,46.0,48.0,100.0,78.0,58.0,46.0,184.0,95.0,202.0,89.0,78.0,22.0,49.0,164.0,65.0,44.0,228.0,237.0,367.0,45.0,76.0,20.0,16.0,16.0,16.0,24.0,18.0,25.0,27.0,26.0,8.0,19.0,23.0,24.0,18.0,18.0,28.0,30.0,20.0,20.0,19.0,24.0,28.0,7.0,20.0,26.0,13.0,19.0,25.0,26.0,21.0,22.0,20.0,20.0,26.0,16.0,24.0,20.0,8.0,16.0,25.0,13.0,21.0,27.0,22.0,10.0,25.0,24.0,22.0,24.0,27.0,15.0,26.0,25.0,30.0,16.0,17.0,18.0,16.0,14.0,26.0,8.0,25.0,23.0,13.0,9.0,13.0,12.0,6.0,11.0,16.0,8.0,5.0,3.0,11.0,8.0,8.0,9.0,10.0,9.0,8.0,6.0,7.0,6.0,2.0,3.0,11.0,3.0,6.0,11.0,9.0,15.0,3.0,8.0,195.0,236.0,76.0,44.0,24.0,39.0,40.0,49.5,3.23,4.36,23.53,20.56,28.38,23.71,22.3,23.08,22.37,20.88,19.67,17.29,24.0,20.05,19.86,17.35,19.12,1.0,2026.0,1.57,1219.0,4.79,1.24,False,True
UVO,13A,4.0,,20-Aug-25,1.0,507.0,1156.0,1697.0,568.0,1259.0,1453.0,1660.0,774.0,1559.0,1561.0,2029.0,373.0,349.0,222.0,224.0,595.0,542.0,115.0,856.0,831.0,120.0,766.0,959.0,1324.0,428.0,94.0,466.0,932.0,495.0,524.0,481.0,378.0,793.0,24.0,383.0,809.0,605.0,363.0,670.0,674.0,772.0,598.0,1326.0,1055.0,1175.0,527.0,955.0,1393.0,107.0,326.0,442.0,275.0,441.0,682.0,845.0,484.0,540.0,478.0,708.0,480.0,686.0,593.0,745.0,1166.0,563.0,417.0,250.0,231.0,375.0,160.0,866.0,213.0,522.0,895.0,272.0,219.0,227.0,275.0,192.0,210.0,282.0,192.0,46.0,48.0,100.0,78.0,58.0,46.0,184.0,95.0,202.0,89.0,78.0,22.0,49.0,164.0,65.0,44.0,228.0,237.0,367.0,45.0,76.0,20.0,16.0,16.0,16.0,24.0,18.0,25.0,27.0,26.0,8.0,19.0,23.0,24.0,18.0,18.0,28.0,30.0,20.0,20.0,19.0,24.0,28.0,7.0,20.0,26.0,13.0,19.0,25.0,26.0,21.0,22.0,20.0,20.0,26.0,16.0,24.0,20.0,8.0,16.0,25.0,13.0,21.0,27.0,22.0,10.0,25.0,24.0,22.0,24.0,27.0,15.0,26.0,25.0,30.0,16.0,17.0,18.0,16.0,14.0,26.0,8.0,25.0,23.0,13.0,9.0,13.0,12.0,6.0,11.0,16.0,8.0,5.0,3.0,11.0,8.0,8.0,9.0,10.0,9.0,8.0,6.0,7.0,6.0,2.0,3.0,11.0,3.0,6.0,11.0,9.0,15.0,3.0,8.0,195.0,236.0,76.0,44.0,24.0,39.0,40.0,49.5,2.7,6.38,23.53,20.56,28.38,23.71,22.3,23.08,22.37,20.88,19.67,17.29,24.0,20.05,19.86,17.35,19.12,1.0,2026.0,1.57,134.0,5.11,2.43,False,True
UVO,17.0,4.0,,20-Aug-25,1.0,146.0,1516.0,1886.0,1774.0,820.0,2028.0,2616.0,2387.0,1409.0,2059.0,2440.0,373.0,349.0,222.0,224.0,595.0,542.0,115.0,856.0,831.0,120.0,766.0,959.0,1324.0,428.0,94.0,466.0,932.0,495.0,524.0,481.0,378.0,793.0,24.0,383.0,809.0,605.0,363.0,670.0,674.0,772.0,598.0,1326.0,1055.0,1175.0,527.0,955.0,1393.0,107.0,326.0,442.0,275.0,441.0,682.0,845.0,484.0,540.0,478.0,708.0,480.0,686.0,593.0,745.0,1166.0,563.0,417.0,250.0,231.0,375.0,160.0,866.0,213.0,522.0,895.0,272.0,219.0,227.0,275.0,192.0,210.0,282.0,192.0,46.0,48.0,100.0,78.0,58.0,46.0,184.0,95.0,202.0,89.0,78.0,22.0,49.0,164.0,65.0,44.0,228.0,237.0,367.0,45.0,76.0,20.0,16.0,16.0,16.0,24.0,18.0,25.0,27.0,26.0,8.0,19.0,23.0,24.0,18.0,18.0,28.0,30.0,20.0,20.0,19.0,24.0,28.0,7.0,20.0,26.0,13.0,19.0,25.0,26.0,21.0,22.0,20.0,20.0,26.0,16.0,24.0,20.0,8.0,16.0,25.0,13.0,21.0,27.0,22.0,10.0,25.0,24.0,22.0,24.0,27.0,15.0,26.0,25.0,30.0,16.0,17.0,18.0,16.0,14.0,26.0,8.0,25.0,23.0,13.0,9.0,13.0,12.0,6.0,11.0,16.0,8.0,5.0,3.0,11.0,8.0,8.0,9.0,10.0,9.0,8.0,6.0,7.0,6.0,2.0,3.0,11.0,3.0,6.0,11.0,9.0,15.0,3.0,8.0,195.0,236.0,76.0,44.0,24.0,39.0,40.0,49.5,2.18,5.51,23.53,20.56,28.38,23.71,22.3,23.08,22.37,20.88,19.67,17.29,24.0,20.05,19.86,17.35,19.12,1.0,2026.0,1.57,134.0,4.64,2.52,False,True
UVO,18.0,7.0,,23-Feb-23,31.0,618.0,1070.0,1147.0,755.0,1342.0,1391.0,654.0,1523.0,1715.0,1411.0,1413.0,373.0,349.0,222.0,224.0,595.0,542.0,115.0,856.0,831.0,120.0,766.0,959.0,1324.0,428.0,94.0,466.0,932.0,495.0,524.0,481.0,378.0,793.0,24.0,383.0,809.0,605.0,363.0,670.0,674.0,772.0,598.0,1326.0,1055.0,1175.0,527.0,955.0,1393.0,107.0,326.0,442.0,275.0,441.0,682.0,845.0,484.0,540.0,478.0,708.0,480.0,686.0,593.0,745.0,1166.0,563.0,417.0,250.0,231.0,375.0,160.0,866.0,213.0,522.0,895.0,272.0,219.0,227.0,275.0,192.0,210.0,282.0,192.0,46.0,48.0,100.0,78.0,58.0,46.0,184.0,95.0,202.0,89.0,78.0,22.0,49.0,164.0,65.0,44.0,228.0,237.0,367.0,45.0,76.0,20.0,16.0,16.0,16.0,24.0,18.0,25.0,27.0,26.0,8.0,19.0,23.0,24.0,18.0,18.0,28.0,30.0,20.0,20.0,19.0,24.0,28.0,7.0,20.0,26.0,13.0,19.0,25.0,26.0,21.0,22.0,20.0,20.0,26.0,16.0,24.0,20.0,8.0,16.0,25.0,13.0,21.0,27.0,22.0,10.0,25.0,24.0,22.0,24.0,27.0,15.0,26.0,25.0,30.0,16.0,17.0,18.0,16.0,14.0,26.0,8.0,25.0,23.0,13.0,9.0,13.0,12.0,6.0,11.0,16.0,8.0,5.0,3.0,11.0,8.0,8.0,9.0,10.0,9.0,8.0,6.0,7.0,6.0,2.0,3.0,11.0,3.0,6.0,11.0,9.0,15.0,3.0,8.0,195.0,236.0,76.0,44.0,24.0,39.0,40.0,49.5,1.98,6.02,23.53,20.56,28.38,23.71,22.3,23.08,22.37,20.88,19.67,17.29,24.0,20.05,19.86,17.35,19.12,1.0,2026.0,1.57,1043.0,4.79,2.12,False,True
UVO,18A,3.0,,18-Sep-23,24.0,963.0,1666.0,623.0,886.0,1305.0,1983.0,1011.0,1901.0,1755.0,1770.0,1448.0,373.0,349.0,222.0,224.0,595.0,542.0,115.0,856.0,831.0,120.0,766.0,959.0,1324.0,428.0,94.0,466.0,932.0,495.0,524.0,481.0,378.0,793.0,24.0,383.0,809.0,605.0,363.0,670.0,674.0,772.0,598.0,1326.0,1055.0,1175.0,527.0,955.0,1393.0,107.0,326.0,442.0,275.0,441.0,682.0,845.0,484.0,540.0,478.0,708.0,480.0,686.0,593.0,745.0,1166.0,563.0,417.0,250.0,231.0,375.0,160.0,866.0,213.0,522.0,895.0,272.0,219.0,227.0,275.0,192.0,210.0,282.0,192.0,46.0,48.0,100.0,78.0,58.0,46.0,184.0,95.0,202.0,89.0,78.0,22.0,49.0,164.0,65.0,44.0,228.0,237.0,367.0,45.0,76.0,20.0,16.0,16.0,16.0,24.0,18.0,25.0,27.0,26.0,8.0,19.0,23.0,24.0,18.0,18.0,28.0,30.0,20.0,20.0,19.0,24.0,28.0,7.0,20.0,26.0,13.0,19.0,25.0,26.0,21.0,22.0,20.0,20.0,26.0,16.0,24.0,20.0,8.0,16.0,25.0,13.0,21.0,27.0,22.0,10.0,25.0,24.0,22.0,24.0,27.0,15.0,26.0,25.0,30.0,16.0,17.0,18.0,16.0,14.0,26.0,8.0,25.0,23.0,13.0,9.0,13.0,12.0,6.0,11.0,16.0,8.0,5.0,3.0,11.0,8.0,8.0,9.0,10.0,9.0,8.0,6.0,7.0,6.0,2.0,3.0,11.0,3.0,6.0,11.0,9.0,15.0,3.0,8.0,195.0,236.0,76.0,44.0,24.0,39.0,40.0,49.5,1.24,5.36,23.53,20.56,28.38,23.71,22.3,23.08,22.37,20.88,19.67,17.29,24.0,20.05,19.86,17.35,19.12,1.0,2026.0,1.57,836.0,4.87,2.54,False,True
UVO,19A,5.0,,4-Mar-24,18.0,1034.0,1236.0,1292.0,1408.0,1760.0,1099.0,1694.0,2124.0,2025.0,1342.0,2179.0,373.0,349.0,222.0,224.0,595.0,542.0,115.0,856.0,831.0,120.0,766.0,959.0,1324.0,428.0,94.0,466.0,932.0,495.0,524.0,481.0,378.0,793.0,24.0,383.0,809.0,605.0,363.0,670.0,674.0,772.0,598.0,1326.0,1055.0,1175.0,527.0,955.0,1393.0,107.0,326.0,442.0,275.0,441.0,682.0,845.0,484.0,540.0,478.0,708.0,480.0,686.0,593.0,745.0,1166.0,563.0,417.0,250.0,231.0,375.0,160.0,866.0,213.0,522.0,895.0,272.0,219.0,227.0,275.0,192.0,210.0,282.0,192.0,46.0,48.0,100.0,78.0,58.0,46.0,184.0,95.0,202.0,89.0,78.0,22.0,49.0,164.0,65.0,44.0,228.0,237.0,367.0,45.0,76.0,20.0,16.0,16.0,16.0,24.0,18.0,25.0,27.0,26.0,8.0,19.0,23.0,24.0,18.0,18.0,28.0,30.0,20.0,20.0,19.0,24.0,28.0,7.0,20.0,26.0,13.0,19.0,25.0,26.0,21.0,22.0,20.0,20.0,26.0,16.0,24.0,20.0,8.0,16.0,25.0,13.0,21.0,27.0,22.0,10.0,25.0,24.0,22.0,24.0,27.0,15.0,26.0,25.0,30.0,16.0,17.0,18.0,16.0,14.0,26.0,8.0,25.0,23.0,13.0,9.0,13.0,12.0,6.0,11.0,16.0,8.0,5.0,3.0,11.0,8.0,8.0,9.0,10.0,9.0,8.0,6.0,7.0,6.0,2.0,3.0,11.0,3.0,6.0,11.0,9.0,15.0,3.0,8.0,195.0,236.0,76.0,44.0,24.0,39.0,40.0,49.5,2.03,6.64,23.53,20.56,28.38,23.71,22.3,23.08,22.37,20.88,19.67,17.29,24.0,20.05,19.86,17.35,19.12,1.0,2026.0,1.57,668.0,4.96,1.99,False,True
UVO,19B,8.0,,15-Mar-23,30.0,631.0,1296.0,1219.0,994.0,1584.0,1815.0,1526.0,1438.0,2232.0,1602.0,1097.0,373.0,349.0,222.0,224.0,595.0,542.0,115.0,856.0,831.0,120.0,766.0,959.0,1324.0,428.0,94.0,466.0,932.0,495.0,524.0,481.0,378.0,793.0,24.0,383.0,809.0,605.0,363.0,670.0,674.0,772.0,598.0,1326.0,1055.0,1175.0,527.0,955.0,1393.0,107.0,326.0,442.0,275.0,441.0,682.0,845.0,484.0,540.0,478.0,708.0,480.0,686.0,593.0,745.0,1166.0,563.0,417.0,250.0,231.0,375.0,160.0,866.0,213.0,522.0,895.0,272.0,219.0,227.0,275.0,192.0,210.0,282.0,192.0,46.0,48.0,100.0,78.0,58.0,46.0,184.0,95.0,202.0,89.0,78.0,22.0,49.0,164.0,65.0,44.0,228.0,237.0,367.0,45.0,76.0,20.0,16.0,16.0,16.0,24.0,18.0,25.0,27.0,26.0,8.0,19.0,23.0,24.0,18.0,18.0,28.0,30.0,20.0,20.0,19.0,24.0,28.0,7.0,20.0,26.0,13.0,19.0,25.0,26.0,21.0,22.0,20.0,20.0,26.0,16.0,24.0,20.0,8.0,16.0,25.0,13.0,21.0,27.0,22.0,10.0,25.0,24.0,22.0,24.0,27.0,15.0,26.0,25.0,30.0,16.0,17.0,18.0,16.0,14.0,26.0,8.0,25.0,23.0,13.0,9.0,13.0,12.0,6.0,11.0,16.0,8.0,5.0,3.0,11.0,8.0,8.0,9.0,10.0,9.0,8.0,6.0,7.0,6.0,2.0,3.0,11.0,3.0,6.0,11.0,9.0,15.0,3.0,8.0,195.0,236.0,76.0,44.0,24.0,39.0,40.0,49.5,1.83,5.76,23.53,20.56,28.38,23.71,22.3,23.08,22.37,20.88,19.67,17.29,24.0,20.05,19.86,17.35,19.12,1.0,2026.0,1.57,1023.0,5.29,2.05,False,True
UVO,19C,5.0,,1-Aug-24,13.0,921.0,622.0,1393.0,1263.0,1697.0,858.0,1643.0,1816.0,1938.0,1177.0,1862.0,373.0,349.0,222.0,224.0,595.0,542.0,115.0,856.0,831.0,120.0,766.0,959.0,1324.0,428.0,94.0,466.0,932.0,495.0,524.0,481.0,378.0,793.0,24.0,383.0,809.0,605.0,363.0,670.0,674.0,772.0,598.0,1326.0,1055.0,1175.0,527.0,955.0,1393.0,107.0,326.0,442.0,275.0,441.0,682.0,845.0,484.0,540.0,478.0,708.0,480.0,686.0,593.0,745.0,1166.0,563.0,417.0,250.0,231.0,375.0,160.0,866.0,213.0,522.0,895.0,272.0,219.0,227.0,275.0,192.0,210.0,282.0,192.0,46.0,48.0,100.0,78.0,58.0,46.0,184.0,95.0,202.0,89.0,78.0,22.0,49.0,164.0,65.0,44.0,228.0,237.0,367.0,45.0,76.0,20.0,16.0,16.0,16.0,24.0,18.0,25.0,27.0,26.0,8.0,19.0,23.0,24.0,18.0,18.0,28.0,30.0,20.0,20.0,19.0,24.0,28.0,7.0,20.0,26.0,13.0,19.0,25.0,26.0,21.0,22.0,20.0,20.0,26.0,16.0,24.0,20.0,8.0,16.0,25.0,13.0,21.0,27.0,22.0,10.0,25.0,24.0,22.0,24.0,27.0,15.0,26.0,25.0,30.0,16.0,17.0,18.0,16.0,14.0,26.0,8.0,25.0,23.0,13.0,9.0,13.0,12.0,6.0,11.0,16.0,8.0,5.0,3.0,11.0,8.0,8.0,9.0,10.0,9.0,8.0,6.0,7.0,6.0,2.0,3.0,11.0,3.0,6.0,11.0,9.0,15.0,3.0,8.0,195.0,236.0,76.0,44.0,24.0,39.0,40.0,49.5,3.0,6.45,23.53,20.56,28.38,23.71,22.3,23.08,22.37,20.88,19.67,17.29,24.0,20.05,19.86,17.35,19.12,1.0,2026.0,1.57,518.0,4.7,1.86,False,True
UVO,20A,6.0,,28-Mar-25,5.0,165.0,1018.0,1384.0,923.0,1336.0,1331.0,1616.0,934.0,1539.0,1119.0,2124.0,373.0,349.0,222.0,224.0,595.0,542.0,115.0,856.0,831.0,120.0,766.0,959.0,1324.0,428.0,94.0,466.0,932.0,495.0,524.0,481.0,378.0,793.0,24.0,383.0,809.0,605.0,363.0,670.0,674.0,772.0,598.0,1326.0,1055.0,1175.0,527.0,955.0,1393.0,107.0,326.0,442.0,275.0,441.0,682.0,845.0,484.0,540.0,478.0,708.0,480.0,686.0,593.0,745.0,1166.0,563.0,417.0,250.0,231.0,375.0,160.0,866.0,213.0,522.0,895.0,272.0,219.0,227.0,275.0,192.0,210.0,282.0,192.0,46.0,48.0,100.0,78.0,58.0,46.0,184.0,95.0,202.0,89.0,78.0,22.0,49.0,164.0,65.0,44.0,228.0,237.0,367.0,45.0,76.0,20.0,16.0,16.0,16.0,24.0,18.0,25.0,27.0,26.0,8.0,19.0,23.0,24.0,18.0,18.0,28.0,30.0,20.0,20.0,19.0,24.0,28.0,7.0,20.0,26.0,13.0,19.0,25.0,26.0,21.0,22.0,20.0,20.0,26.0,16.0,24.0,20.0,8.0,16.0,25.0,13.0,21.0,27.0,22.0,10.0,25.0,24.0,22.0,24.0,27.0,15.0,26.0,25.0,30.0,16.0,17.0,18.0,16.0,14.0,26.0,8.0,25.0,23.0,13.0,9.0,13.0,12.0,6.0,11.0,16.0,8.0,5.0,3.0,11.0,8.0,8.0,9.0,10.0,9.0,8.0,6.0,7.0,6.0,2.0,3.0,11.0,3.0,6.0,11.0,9.0,15.0,3.0,8.0,195.0,236.0,76.0,44.0,24.0,39.0,40.0,49.5,2.93,4.86,23.53,20.56,28.38,23.71,22.3,23.08,22.37,20.88,19.67,17.29,24.0,20.05,19.86,17.35,19.12,1.0,2026.0,1.57,279.0,5.01,1.05,False,True
UVO,20B,5.0,,11-Sep-24,12.0,784.0,616.0,1222.0,1405.0,992.0,1063.0,1165.0,2114.0,1511.0,1184.0,1704.0,373.0,349.0,222.0,224.0,595.0,542.0,115.0,856.0,831.0,120.0,766.0,959.0,1324.0,428.0,94.0,466.0,932.0,495.0,524.0,481.0,378.0,793.0,24.0,383.0,809.0,605.0,363.0,670.0,674.0,772.0,598.0,1326.0,1055.0,1175.0,527.0,955.0,1393.0,107.0,326.0,442.0,275.0,441.0,682.0,845.0,484.0,540.0,478.0,708.0,480.0,686.0,593.0,745.0,1166.0,563.0,417.0,250.0,231.0,375.0,160.0,866.0,213.0,522.0,895.0,272.0,219.0,227.0,275.0,192.0,210.0,282.0,192.0,46.0,48.0,100.0,78.0,58.0,46.0,184.0,95.0,202.0,89.0,78.0,22.0,49.0,164.0,65.0,44.0,228.0,237.0,367.0,45.0,76.0,20.0,16.0,16.0,16.0,24.0,18.0,25.0,27.0,26.0,8.0,19.0,23.0,24.0,18.0,18.0,28.0,30.0,20.0,20.0,19.0,24.0,28.0,7.0,20.0,26.0,13.0,19.0,25.0,26.0,21.0,22.0,20.0,20.0,26.0,16.0,24.0,20.0,8.0,16.0,25.0,13.0,21.0,27.0,22.0,10.0,25.0,24.0,22.0,24.0,27.0,15.0,26.0,25.0,30.0,16.0,17.0,18.0,16.0,14.0,26.0,8.0,25.0,23.0,13.0,9.0,13.0,12.0,6.0,11.0,16.0,8.0,5.0,3.0,11.0,8.0,8.0,9.0,10.0,9.0,8.0,6.0,7.0,6.0,2.0,3.0,11.0,3.0,6.0,11.0,9.0,15.0,3.0,8.0,195.0,236.0,76.0,44.0,24.0,39.0,40.0,49.5,2.66,5.81,23.53,20.56,28.38,23.71,22.3,23.08,22.37,20.88,19.67,17.29,24.0,20.05,19.86,17.35,19.12,1.0,2026.0,1.57,477.0,5.09,1.22,False,True
UVO,20C,5.0,,24-Apr-24,17.0,703.0,708.0,942.0,1371.0,949.0,1118.0,1275.0,2068.0,1376.0,1444.0,1975.0,373.0,349.0,222.0,224.0,595.0,542.0,115.0,856.0,831.0,120.0,766.0,959.0,1324.0,428.0,94.0,466.0,932.0,495.0,524.0,481.0,378.0,793.0,24.0,383.0,809.0,605.0,363.0,670.0,674.0,772.0,598.0,1326.0,1055.0,1175.0,527.0,955.0,1393.0,107.0,326.0,442.0,275.0,441.0,682.0,845.0,484.0,540.0,478.0,708.0,480.0,686.0,593.0,745.0,1166.0,563.0,417.0,250.0,231.0,375.0,160.0,866.0,213.0,522.0,895.0,272.0,219.0,227.0,275.0,192.0,210.0,282.0,192.0,46.0,48.0,100.0,78.0,58.0,46.0,184.0,95.0,202.0,89.0,78.0,22.0,49.0,164.0,65.0,44.0,228.0,237.0,367.0,45.0,76.0,20.0,16.0,16.0,16.0,24.0,18.0,25.0,27.0,26.0,8.0,19.0,23.0,24.0,18.0,18.0,28.0,30.0,20.0,20.0,19.0,24.0,28.0,7.0,20.0,26.0,13.0,19.0,25.0,26.0,21.0,22.0,20.0,20.0,26.0,16.0,24.0,20.0,8.0,16.0,25.0,13.0,21.0,27.0,22.0,10.0,25.0,24.0,22.0,24.0,27.0,15.0,26.0,25.0,30.0,16.0,17.0,18.0,16.0,14.0,26.0,8.0,25.0,23.0,13.0,9.0,13.0,12.0,6.0,11.0,16.0,8.0,5.0,3.0,11.0,8.0,8.0,9.0,10.0,9.0,8.0,6.0,7.0,6.0,2.0,3.0,11.0,3.0,6.0,11.0,9.0,15.0,3.0,8.0,195.0,236.0,76.0,44.0,24.0,39.0,40.0,49.5,3.08,5.98,23.53,20.56,28.38,23.71,22.3,23.08,22.37,20.88,19.67,17.29,24.0,20.05,19.86,17.35,19.12,1.0,2026.0,1.57,617.0,4.55,1.06,False,True
UVO,21.0,6.0,,26-Feb-23,31.0,640.0,1290.0,986.0,1196.0,1575.0,1267.0,1196.0,1592.0,2231.0,1670.0,1192.0,373.0,349.0,222.0,224.0,595.0,542.0,115.0,856.0,831.0,120.0,766.0,959.0,1324.0,428.0,94.0,466.0,932.0,495.0,524.0,481.0,378.0,793.0,24.0,383.0,809.0,605.0,363.0,670.0,674.0,772.0,598.0,1326.0,1055.0,1175.0,527.0,955.0,1393.0,107.0,326.0,442.0,275.0,441.0,682.0,845.0,484.0,540.0,478.0,708.0,480.0,686.0,593.0,745.0,1166.0,563.0,417.0,250.0,231.0,375.0,160.0,866.0,213.0,522.0,895.0,272.0,219.0,227.0,275.0,192.0,210.0,282.0,192.0,46.0,48.0,100.0,78.0,58.0,46.0,184.0,95.0,202.0,89.0,78.0,22.0,49.0,164.0,65.0,44.0,228.0,237.0,367.0,45.0,76.0,20.0,16.0,16.0,16.0,24.0,18.0,25.0,27.0,26.0,8.0,19.0,23.0,24.0,18.0,18.0,28.0,30.0,20.0,20.0,19.0,24.0,28.0,7.0,20.0,26.0,13.0,19.0,25.0,26.0,21.0,22.0,20.0,20.0,26.0,16.0,24.0,20.0,8.0,16.0,25.0,13.0,21.0,27.0,22.0,10.0,25.0,24.0,22.0,24.0,27.0,15.0,26.0,25.0,30.0,16.0,17.0,18.0,16.0,14.0,26.0,8.0,25.0,23.0,13.0,9.0,13.0,12.0,6.0,11.0,16.0,8.0,5.0,3.0,11.0,8.0,8.0,9.0,10.0,9.0,8.0,6.0,7.0,6.0,2.0,3.0,11.0,3.0,6.0,11.0,9.0,15.0,3.0,8.0,195.0,236.0,76.0,44.0,24.0,39.0,40.0,49.5,1.83,4.93,23.53,20.56,28.38,23.71,22.3,23.08,22.37,20.88,19.67,17.29,24.0,20.05,19.86,17.35,19.12,1.0,2026.0,1.57,1040.0,5.11,2.27,False,True
UVO,21A,5.0,,31-Aug-23,24.0,930.0,1808.0,949.0,1617.0,2231.0,1955.0,1918.0,2391.0,3056.0,2346.0,1845.0,373.0,349.0,222.0,224.0,595.0,542.0,115.0,856.0,831.0,120.0,766.0,959.0,1324.0,428.0,94.0,466.0,932.0,495.0,524.0,481.0,378.0,793.0,24.0,383.0,809.0,605.0,363.0,670.0,674.0,772.0,598.0,1326.0,1055.0,1175.0,527.0,955.0,1393.0,107.0,326.0,442.0,275.0,441.0,682.0,845.0,484.0,540.0,478.0,708.0,480.0,686.0,593.0,745.0,1166.0,563.0,417.0,250.0,231.0,375.0,160.0,866.0,213.0,522.0,895.0,272.0,219.0,227.0,275.0,192.0,210.0,282.0,192.0,46.0,48.0,100.0,78.0,58.0,46.0,184.0,95.0,202.0,89.0,78.0,22.0,49.0,164.0,65.0,44.0,228.0,237.0,367.0,45.0,76.0,20.0,16.0,16.0,16.0,24.0,18.0,25.0,27.0,26.0,8.0,19.0,23.0,24.0,18.0,18.0,28.0,30.0,20.0,20.0,19.0,24.0,28.0,7.0,20.0,26.0,13.0,19.0,25.0,26.0,21.0,22.0,20.0,20.0,26.0,16.0,24.0,20.0,8.0,16.0,25.0,13.0,21.0,27.0,22.0,10.0,25.0,24.0,22.0,24.0,27.0,15.0,26.0,25.0,30.0,16.0,17.0,18.0,16.0,14.0,26.0,8.0,25.0,23.0,13.0,9.0,13.0,12.0,6.0,11.0,16.0,8.0,5.0,3.0,11.0,8.0,8.0,9.0,10.0,9.0,8.0,6.0,7.0,6.0,2.0,3.0,11.0,3.0,6.0,11.0,9.0,15.0,3.0,8.0,195.0,236.0,76.0,44.0,24.0,39.0,40.0,49.5,2.06,4.91,23.53,20.56,28.38,23.71,22.3,23.08,22.37,20.88,19.67,17.29,24.0,20.05,19.86,17.35,19.12,1.0,2026.0,1.57,854.0,4.67,1.63,False,True
UVO,22.0,7.0,,18-Mar-24,18.0,1000.0,1307.0,1426.0,1782.0,1979.0,1166.0,2577.0,2935.0,3174.0,1247.0,2694.0,373.0,349.0,222.0,224.0,595.0,542.0,115.0,856.0,831.0,120.0,766.0,959.0,1324.0,428.0,94.0,466.0,932.0,495.0,524.0,481.0,378.0,793.0,24.0,383.0,809.0,605.0,363.0,670.0,674.0,772.0,598.0,1326.0,1055.0,1175.0,527.0,955.0,1393.0,107.0,326.0,442.0,275.0,441.0,682.0,845.0,484.0,540.0,478.0,708.0,480.0,686.0,593.0,745.0,1166.0,563.0,417.0,250.0,231.0,375.0,160.0,866.0,213.0,522.0,895.0,272.0,219.0,227.0,275.0,192.0,210.0,282.0,192.0,46.0,48.0,100.0,78.0,58.0,46.0,184.0,95.0,202.0,89.0,78.0,22.0,49.0,164.0,65.0,44.0,228.0,237.0,367.0,45.0,76.0,20.0,16.0,16.0,16.0,24.0,18.0,25.0,27.0,26.0,8.0,19.0,23.0,24.0,18.0,18.0,28.0,30.0,20.0,20.0,19.0,24.0,28.0,7.0,20.0,26.0,13.0,19.0,25.0,26.0,21.0,22.0,20.0,20.0,26.0,16.0,24.0,20.0,8.0,16.0,25.0,13.0,21.0,27.0,22.0,10.0,25.0,24.0,22.0,24.0,27.0,15.0,26.0,25.0,30.0,16.0,17.0,18.0,16.0,14.0,26.0,8.0,25.0,23.0,13.0,9.0,13.0,12.0,6.0,11.0,16.0,8.0,5.0,3.0,11.0,8.0,8.0,9.0,10.0,9.0,8.0,6.0,7.0,6.0,2.0,3.0,11.0,3.0,6.0,11.0,9.0,15.0,3.0,8.0,195.0,236.0,76.0,44.0,24.0,39.0,40.0,49.5,3.66,4.62,23.53,20.56,28.38,23.71,22.3,23.08,22.37,20.88,19.67,17.29,24.0,20.05,19.86,17.35,19.12,1.0,2026.0,1.57,654.0,4.57,2.02,False,True
UVO,48.0,6.5,,5-Feb-25,7.0,375.0,578.0,1007.0,550.0,1251.0,1446.0,1593.0,832.0,1498.0,1033.0,1267.0,373.0,349.0,222.0,224.0,595.0,542.0,115.0,856.0,831.0,120.0,766.0,959.0,1324.0,428.0,94.0,466.0,932.0,495.0,524.0,481.0,378.0,793.0,24.0,383.0,809.0,605.0,363.0,670.0,674.0,772.0,598.0,1326.0,1055.0,1175.0,527.0,955.0,1393.0,107.0,326.0,442.0,275.0,441.0,682.0,845.0,484.0,540.0,478.0,708.0,480.0,686.0,593.0,745.0,1166.0,563.0,417.0,250.0,231.0,375.0,160.0,866.0,213.0,522.0,895.0,272.0,219.0,227.0,275.0,192.0,210.0,282.0,192.0,46.0,48.0,100.0,78.0,58.0,46.0,184.0,95.0,202.0,89.0,78.0,22.0,49.0,164.0,65.0,44.0,228.0,237.0,367.0,45.0,76.0,20.0,16.0,16.0,16.0,24.0,18.0,25.0,27.0,26.0,8.0,19.0,23.0,24.0,18.0,18.0,28.0,30.0,20.0,20.0,19.0,24.0,28.0,7.0,20.0,26.0,13.0,19.0,25.0,26.0,21.0,22.0,20.0,20.0,26.0,16.0,24.0,20.0,8.0,16.0,25.0,13.0,21.0,27.0,22.0,10.0,25.0,24.0,22.0,24.0,27.0,15.0,26.0,25.0,30.0,16.0,17.0,18.0,16.0,14.0,26.0,8.0,25.0,23.0,13.0,9.0,13.0,12.0,6.0,11.0,16.0,8.0,5.0,3.0,11.0,8.0,8.0,9.0,10.0,9.0,8.0,6.0,7.0,6.0,2.0,3.0,11.0,3.0,6.0,11.0,9.0,15.0,3.0,8.0,195.0,236.0,76.0,44.0,24.0,39.0,40.0,49.5,1.39,5.61,23.53,20.56,28.38,23.71,22.3,23.08,22.37,20.88,19.67,17.29,24.0,20.05,19.86,17.35,19.12,1.0,2026.0,1.57,330.0,5.45,2.82,False,True
UVO,48A,6.0,,28-Feb-25,6.0,306.0,1065.0,1130.0,1049.0,907.0,1361.0,1597.0,1212.0,1357.0,1300.0,1916.0,373.0,349.0,222.0,224.0,595.0,542.0,115.0,856.0,831.0,120.0,766.0,959.0,1324.0,428.0,94.0,466.0,932.0,495.0,524.0,481.0,378.0,793.0,24.0,383.0,809.0,605.0,363.0,670.0,674.0,772.0,598.0,1326.0,1055.0,1175.0,527.0,955.0,1393.0,107.0,326.0,442.0,275.0,441.0,682.0,845.0,484.0,540.0,478.0,708.0,480.0,686.0,593.0,745.0,1166.0,563.0,417.0,250.0,231.0,375.0,160.0,866.0,213.0,522.0,895.0,272.0,219.0,227.0,275.0,192.0,210.0,282.0,192.0,46.0,48.0,100.0,78.0,58.0,46.0,184.0,95.0,202.0,89.0,78.0,22.0,49.0,164.0,65.0,44.0,228.0,237.0,367.0,45.0,76.0,20.0,16.0,16.0,16.0,24.0,18.0,25.0,27.0,26.0,8.0,19.0,23.0,24.0,18.0,18.0,28.0,30.0,20.0,20.0,19.0,24.0,28.0,7.0,20.0,26.0,13.0,19.0,25.0,26.0,21.0,22.0,20.0,20.0,26.0,16.0,24.0,20.0,8.0,16.0,25.0,13.0,21.0,27.0,22.0,10.0,25.0,24.0,22.0,24.0,27.0,15.0,26.0,25.0,30.0,16.0,17.0,18.0,16.0,14.0,26.0,8.0,25.0,23.0,13.0,9.0,13.0,12.0,6.0,11.0,16.0,8.0,5.0,3.0,11.0,8.0,8.0,9.0,10.0,9.0,8.0,6.0,7.0,6.0,2.0,3.0,11.0,3.0,6.0,11.0,9.0,15.0,3.0,8.0,195.0,236.0,76.0,44.0,24.0,39.0,40.0,49.5,2.14,4.71,23.53,20.56,28.38,23.71,22.3,23.08,22.37,20.88,19.67,17.29,24.0,20.05,19.86,17.35,19.12,1.0,2026.0,1.57,307.0,5.47,1.5,False,True
UVO,16NC,1.0,,1-Apr-23,30.0,41.0,640.0,671.0,-,-,-,-,-,-,-,-,373.0,349.0,222.0,224.0,595.0,542.0,115.0,856.0,831.0,120.0,766.0,959.0,1324.0,428.0,94.0,466.0,932.0,495.0,524.0,481.0,378.0,793.0,24.0,383.0,809.0,605.0,363.0,670.0,674.0,772.0,598.0,1326.0,1055.0,1175.0,527.0,955.0,1393.0,107.0,326.0,442.0,275.0,441.0,682.0,845.0,484.0,540.0,478.0,708.0,480.0,686.0,593.0,745.0,1166.0,563.0,417.0,250.0,231.0,375.0,160.0,866.0,213.0,522.0,895.0,272.0,219.0,227.0,275.0,192.0,210.0,282.0,192.0,46.0,48.0,100.0,78.0,58.0,46.0,184.0,95.0,202.0,89.0,78.0,22.0,49.0,164.0,65.0,44.0,228.0,237.0,367.0,45.0,76.0,20.0,16.0,16.0,16.0,24.0,18.0,25.0,27.0,26.0,8.0,19.0,23.0,24.0,18.0,18.0,28.0,30.0,20.0,20.0,19.0,24.0,28.0,7.0,20.0,26.0,13.0,19.0,25.0,26.0,21.0,22.0,20.0,20.0,26.0,16.0,24.0,20.0,8.0,16.0,25.0,13.0,21.0,27.0,22.0,10.0,25.0,24.0,22.0,24.0,27.0,15.0,26.0,25.0,30.0,16.0,17.0,18.0,16.0,14.0,26.0,8.0,25.0,23.0,13.0,9.0,13.0,12.0,6.0,11.0,16.0,8.0,5.0,3.0,11.0,8.0,8.0,9.0,10.0,9.0,8.0,6.0,7.0,6.0,2.0,3.0,11.0,3.0,6.0,11.0,9.0,15.0,3.0,8.0,195.0,236.0,76.0,44.0,24.0,39.0,40.0,49.5,-,-,23.53,20.56,28.38,23.71,22.3,23.08,22.37,20.88,19.67,17.29,24.0,20.05,19.86,17.35,19.12,1.0,2026.0,1.57,1006.0,5.31,1.82,False,True
UVO,16.0,,,,,,70.0,-,-,-,-,-,-,-,528.0,611.0,373.0,349.0,222.0,224.0,595.0,542.0,115.0,856.0,831.0,120.0,766.0,959.0,1324.0,428.0,94.0,466.0,932.0,495.0,524.0,481.0,378.0,793.0,24.0,383.0,809.0,605.0,363.0,670.0,674.0,772.0,598.0,1326.0,1055.0,1175.0,527.0,955.0,1393.0,107.0,326.0,442.0,275.0,441.0,682.0,845.0,484.0,540.0,478.0,708.0,480.0,686.0,593.0,745.0,1166.0,563.0,417.0,250.0,231.0,375.0,160.0,866.0,213.0,522.0,895.0,272.0,219.0,227.0,275.0,192.0,210.0,282.0,192.0,46.0,48.0,100.0,78.0,58.0,46.0,184.0,95.0,202.0,89.0,78.0,22.0,49.0,164.0,65.0,44.0,228.0,237.0,367.0,45.0,76.0,20.0,16.0,16.0,16.0,24.0,18.0,25.0,27.0,26.0,8.0,19.0,23.0,24.0,18.0,18.0,28.0,30.0,20.0,20.0,19.0,24.0,28.0,7.0,20.0,26.0,13.0,19.0,25.0,26.0,21.0,22.0,20.0,20.0,26.0,16.0,24.0,20.0,8.0,16.0,25.0,13.0,21.0,27.0,22.0,10.0,25.0,24.0,22.0,24.0,27.0,15.0,26.0,25.0,30.0,16.0,17.0,18.0,16.0,14.0,26.0,8.0,25.0,23.0,13.0,9.0,13.0,12.0,6.0,11.0,16.0,8.0,5.0,3.0,11.0,8.0,8.0,9.0,10.0,9.0,8.0,6.0,7.0,6.0,2.0,3.0,11.0,3.0,6.0,11.0,9.0,15.0,3.0,8.0,195.0,236.0,76.0,44.0,24.0,39.0,40.0,49.5,-,-,23.53,20.56,28.38,23.71,22.3,23.08,22.37,20.88,19.67,17.29,24.0,20.05,19.86,17.35,19.12,1.0,2026.0,1.57,,4.8,2.51,False,False
UVO,10.0,,,,,,-,-,-,-,-,-,-,-,679.0,673.0,373.0,349.0,222.0,224.0,595.0,542.0,115.0,856.0,831.0,120.0,766.0,959.0,1324.0,428.0,94.0,466.0,932.0,495.0,524.0,481.0,378.0,793.0,24.0,383.0,809.0,605.0,363.0,670.0,674.0,772.0,598.0,1326.0,1055.0,1175.0,527.0,955.0,1393.0,107.0,326.0,442.0,275.0,441.0,682.0,845.0,484.0,540.0,478.0,708.0,480.0,686.0,593.0,745.0,1166.0,563.0,417.0,250.0,231.0,375.0,160.0,866.0,213.0,522.0,895.0,272.0,219.0,227.0,275.0,192.0,210.0,282.0,192.0,46.0,48.0,100.0,78.0,58.0,46.0,184.0,95.0,202.0,89.0,78.0,22.0,49.0,164.0,65.0,44.0,228.0,237.0,367.0,45.0,76.0,20.0,16.0,16.0,16.0,24.0,18.0,25.0,27.0,26.0,8.0,19.0,23.0,24.0,18.0,18.0,28.0,30.0,20.0,20.0,19.0,24.0,28.0,7.0,20.0,26.0,13.0,19.0,25.0,26.0,21.0,22.0,20.0,20.0,26.0,16.0,24.0,20.0,8.0,16.0,25.0,13.0,21.0,27.0,22.0,10.0,25.0,24.0,22.0,24.0,27.0,15.0,26.0,25.0,30.0,16.0,17.0,18.0,16.0,14.0,26.0,8.0,25.0,23.0,13.0,9.0,13.0,12.0,6.0,11.0,16.0,8.0,5.0,3.0,11.0,8.0,8.0,9.0,10.0,9.0,8.0,6.0,7.0,6.0,2.0,3.0,11.0,3.0,6.0,11.0,9.0,15.0,3.0,8.0,195.0,236.0,76.0,44.0,24.0,39.0,40.0,49.5,-,-,23.53,20.56,28.38,23.71,22.3,23.08,22.37,20.88,19.67,17.29,24.0,20.05,19.86,17.35,19.12,1.0,2026.0,1.57,,4.6,1.46,False,False
UVO,14.0,,,,,,-,-,-,-,-,-,-,-,666.0,773.0,373.0,349.0,222.0,224.0,595.0,542.0,115.0,856.0,831.0,120.0,766.0,959.0,1324.0,428.0,94.0,466.0,932.0,495.0,524.0,481.0,378.0,793.0,24.0,383.0,809.0,605.0,363.0,670.0,674.0,772.0,598.0,1326.0,1055.0,1175.0,527.0,955.0,1393.0,107.0,326.0,442.0,275.0,441.0,682.0,845.0,484.0,540.0,478.0,708.0,480.0,686.0,593.0,745.0,1166.0,563.0,417.0,250.0,231.0,375.0,160.0,866.0,213.0,522.0,895.0,272.0,219.0,227.0,275.0,192.0,210.0,282.0,192.0,46.0,48.0,100.0,78.0,58.0,46.0,184.0,95.0,202.0,89.0,78.0,22.0,49.0,164.0,65.0,44.0,228.0,237.0,367.0,45.0,76.0,20.0,16.0,16.0,16.0,24.0,18.0,25.0,27.0,26.0,8.0,19.0,23.0,24.0,18.0,18.0,28.0,30.0,20.0,20.0,19.0,24.0,28.0,7.0,20.0,26.0,13.0,19.0,25.0,26.0,21.0,22.0,20.0,20.0,26.0,16.0,24.0,20.0,8.0,16.0,25.0,13.0,21.0,27.0,22.0,10.0,25.0,24.0,22.0,24.0,27.0,15.0,26.0,25.0,30.0,16.0,17.0,18.0,16.0,14.0,26.0,8.0,25.0,23.0,13.0,9.0,13.0,12.0,6.0,11.0,16.0,8.0,5.0,3.0,11.0,8.0,8.0,9.0,10.0,9.0,8.0,6.0,7.0,6.0,2.0,3.0,11.0,3.0,6.0,11.0,9.0,15.0,3.0,8.0,195.0,236.0,76.0,44.0,24.0,39.0,40.0,49.5,-,-,23.53,20.56,28.38,23.71,22.3,23.08,22.37,20.88,19.67,17.29,24.0,20.05,19.86,17.35,19.12,1.0,2026.0,1.57,,5.18,1.15,False,False
UVO,16A,,,,,,-,-,-,-,-,-,-,-,569.0,689.0,373.0,349.0,222.0,224.0,595.0,542.0,115.0,856.0,831.0,120.0,766.0,959.0,1324.0,428.0,94.0,466.0,932.0,495.0,524.0,481.0,378.0,793.0,24.0,383.0,809.0,605.0,363.0,670.0,674.0,772.0,598.0,1326.0,1055.0,1175.0,527.0,955.0,1393.0,107.0,326.0,442.0,275.0,441.0,682.0,845.0,484.0,540.0,478.0,708.0,480.0,686.0,593.0,745.0,1166.0,563.0,417.0,250.0,231.0,375.0,160.0,866.0,213.0,522.0,895.0,272.0,219.0,227.0,275.0,192.0,210.0,282.0,192.0,46.0,48.0,100.0,78.0,58.0,46.0,184.0,95.0,202.0,89.0,78.0,22.0,49.0,164.0,65.0,44.0,228.0,237.0,367.0,45.0,76.0,20.0,16.0,16.0,16.0,24.0,18.0,25.0,27.0,26.0,8.0,19.0,23.0,24.0,18.0,18.0,28.0,30.0,20.0,20.0,19.0,24.0,28.0,7.0,20.0,26.0,13.0,19.0,25.0,26.0,21.0,22.0,20.0,20.0,26.0,16.0,24.0,20.0,8.0,16.0,25.0,13.0,21.0,27.0,22.0,10.0,25.0,24.0,22.0,24.0,27.0,15.0,26.0,25.0,30.0,16.0,17.0,18.0,16.0,14.0,26.0,8.0,25.0,23.0,13.0,9.0,13.0,12.0,6.0,11.0,16.0,8.0,5.0,3.0,11.0,8.0,8.0,9.0,10.0,9.0,8.0,6.0,7.0,6.0,2.0,3.0,11.0,3.0,6.0,11.0,9.0,15.0,3.0,8.0,195.0,236.0,76.0,44.0,24.0,39.0,40.0,49.5,-,-,23.53,20.56,28.38,23.71,22.3,23.08,22.37,20.88,19.67,17.29,24.0,20.05,19.86,17.35,19.12,1.0,2026.0,1.57,,4.94,1.58,False,False
UDK,23.0,7.0,,12-Sep-22,36.0,975.0,1683.0,1923.0,882.0,2137.0,1775.0,2051.0,1363.0,2463.0,1817.0,2356.0,373.0,349.0,222.0,224.0,595.0,542.0,115.0,856.0,831.0,120.0,766.0,959.0,1324.0,428.0,94.0,466.0,932.0,495.0,524.0,481.0,378.0,793.0,24.0,383.0,809.0,605.0,363.0,670.0,674.0,772.0,598.0,1326.0,1055.0,1175.0,527.0,955.0,1393.0,107.0,326.0,442.0,275.0,441.0,682.0,845.0,484.0,540.0,478.0,708.0,480.0,686.0,593.0,745.0,1166.0,563.0,417.0,250.0,231.0,375.0,160.0,866.0,213.0,522.0,895.0,272.0,219.0,227.0,275.0,192.0,210.0,282.0,192.0,46.0,48.0,100.0,78.0,58.0,46.0,184.0,95.0,202.0,89.0,78.0,22.0,49.0,164.0,65.0,44.0,228.0,237.0,367.0,45.0,76.0,20.0,16.0,16.0,16.0,24.0,18.0,25.0,27.0,26.0,8.0,19.0,23.0,24.0,18.0,18.0,28.0,30.0,20.0,20.0,19.0,24.0,28.0,7.0,20.0,26.0,13.0,19.0,25.0,26.0,21.0,22.0,20.0,20.0,26.0,16.0,24.0,20.0,8.0,16.0,25.0,13.0,21.0,27.0,22.0,10.0,25.0,24.0,22.0,24.0,27.0,15.0,26.0,25.0,30.0,16.0,17.0,18.0,16.0,14.0,26.0,8.0,25.0,23.0,13.0,9.0,13.0,12.0,6.0,11.0,16.0,8.0,5.0,3.0,11.0,8.0,8.0,9.0,10.0,9.0,8.0,6.0,7.0,6.0,2.0,3.0,11.0,3.0,6.0,11.0,9.0,15.0,3.0,8.0,195.0,236.0,76.0,44.0,24.0,39.0,40.0,49.5,1.46,5.17,27.49,20.99,29.12,29.35,23.86,26.26,22.74,21.64,22.12,21.51,24.07,20.61,19.04,20.79,21.14,1.0,2026.0,1.42,1207.0,4.62,1.32,False,True
UDK,24.0,5.0,,17-Sep-23,24.0,951.0,1656.0,1061.0,1543.0,1734.0,1194.0,1885.0,2123.0,3278.0,1122.0,2203.0,373.0,349.0,222.0,224.0,595.0,542.0,115.0,856.0,831.0,120.0,766.0,959.0,1324.0,428.0,94.0,466.0,932.0,495.0,524.0,481.0,378.0,793.0,24.0,383.0,809.0,605.0,363.0,670.0,674.0,772.0,598.0,1326.0,1055.0,1175.0,527.0,955.0,1393.0,107.0,326.0,442.0,275.0,441.0,682.0,845.0,484.0,540.0,478.0,708.0,480.0,686.0,593.0,745.0,1166.0,563.0,417.0,250.0,231.0,375.0,160.0,866.0,213.0,522.0,895.0,272.0,219.0,227.0,275.0,192.0,210.0,282.0,192.0,46.0,48.0,100.0,78.0,58.0,46.0,184.0,95.0,202.0,89.0,78.0,22.0,49.0,164.0,65.0,44.0,228.0,237.0,367.0,45.0,76.0,20.0,16.0,16.0,16.0,24.0,18.0,25.0,27.0,26.0,8.0,19.0,23.0,24.0,18.0,18.0,28.0,30.0,20.0,20.0,19.0,24.0,28.0,7.0,20.0,26.0,13.0,19.0,25.0,26.0,21.0,22.0,20.0,20.0,26.0,16.0,24.0,20.0,8.0,16.0,25.0,13.0,21.0,27.0,22.0,10.0,25.0,24.0,22.0,24.0,27.0,15.0,26.0,25.0,30.0,16.0,17.0,18.0,16.0,14.0,26.0,8.0,25.0,23.0,13.0,9.0,13.0,12.0,6.0,11.0,16.0,8.0,5.0,3.0,11.0,8.0,8.0,9.0,10.0,9.0,8.0,6.0,7.0,6.0,2.0,3.0,11.0,3.0,6.0,11.0,9.0,15.0,3.0,8.0,195.0,236.0,76.0,44.0,24.0,39.0,40.0,49.5,2.49,4.74,27.49,20.99,29.12,29.35,23.86,26.26,22.74,21.64,22.12,21.51,24.07,20.61,19.04,20.79,21.14,1.0,2026.0,1.42,837.0,5.0,2.86,False,True
UDK,24A,5.0,,8-Mar-24,18.0,1104.0,1433.0,1525.0,1397.0,2269.0,1276.0,2432.0,2728.0,2635.0,1720.0,2257.0,373.0,349.0,222.0,224.0,595.0,542.0,115.0,856.0,831.0,120.0,766.0,959.0,1324.0,428.0,94.0,466.0,932.0,495.0,524.0,481.0,378.0,793.0,24.0,383.0,809.0,605.0,363.0,670.0,674.0,772.0,598.0,1326.0,1055.0,1175.0,527.0,955.0,1393.0,107.0,326.0,442.0,275.0,441.0,682.0,845.0,484.0,540.0,478.0,708.0,480.0,686.0,593.0,745.0,1166.0,563.0,417.0,250.0,231.0,375.0,160.0,866.0,213.0,522.0,895.0,272.0,219.0,227.0,275.0,192.0,210.0,282.0,192.0,46.0,48.0,100.0,78.0,58.0,46.0,184.0,95.0,202.0,89.0,78.0,22.0,49.0,164.0,65.0,44.0,228.0,237.0,367.0,45.0,76.0,20.0,16.0,16.0,16.0,24.0,18.0,25.0,27.0,26.0,8.0,19.0,23.0,24.0,18.0,18.0,28.0,30.0,20.0,20.0,19.0,24.0,28.0,7.0,20.0,26.0,13.0,19.0,25.0,26.0,21.0,22.0,20.0,20.0,26.0,16.0,24.0,20.0,8.0,16.0,25.0,13.0,21.0,27.0,22.0,10.0,25.0,24.0,22.0,24.0,27.0,15.0,26.0,25.0,30.0,16.0,17.0,18.0,16.0,14.0,26.0,8.0,25.0,23.0,13.0,9.0,13.0,12.0,6.0,11.0,16.0,8.0,5.0,3.0,11.0,8.0,8.0,9.0,10.0,9.0,8.0,6.0,7.0,6.0,2.0,3.0,11.0,3.0,6.0,11.0,9.0,15.0,3.0,8.0,195.0,236.0,76.0,44.0,24.0,39.0,40.0,49.5,1.76,4.33,27.49,20.99,29.12,29.35,23.86,26.26,22.74,21.64,22.12,21.51,24.07,20.61,19.04,20.79,21.14,1.0,2026.0,1.42,664.0,4.53,2.62,False,True
UDK,25.0,4.0,,31-Mar-24,17.0,1128.0,1945.0,1705.0,1537.0,2301.0,1659.0,3002.0,3253.0,2878.0,1237.0,2301.0,373.0,349.0,222.0,224.0,595.0,542.0,115.0,856.0,831.0,120.0,766.0,959.0,1324.0,428.0,94.0,466.0,932.0,495.0,524.0,481.0,378.0,793.0,24.0,383.0,809.0,605.0,363.0,670.0,674.0,772.0,598.0,1326.0,1055.0,1175.0,527.0,955.0,1393.0,107.0,326.0,442.0,275.0,441.0,682.0,845.0,484.0,540.0,478.0,708.0,480.0,686.0,593.0,745.0,1166.0,563.0,417.0,250.0,231.0,375.0,160.0,866.0,213.0,522.0,895.0,272.0,219.0,227.0,275.0,192.0,210.0,282.0,192.0,46.0,48.0,100.0,78.0,58.0,46.0,184.0,95.0,202.0,89.0,78.0,22.0,49.0,164.0,65.0,44.0,228.0,237.0,367.0,45.0,76.0,20.0,16.0,16.0,16.0,24.0,18.0,25.0,27.0,26.0,8.0,19.0,23.0,24.0,18.0,18.0,28.0,30.0,20.0,20.0,19.0,24.0,28.0,7.0,20.0,26.0,13.0,19.0,25.0,26.0,21.0,22.0,20.0,20.0,26.0,16.0,24.0,20.0,8.0,16.0,25.0,13.0,21.0,27.0,22.0,10.0,25.0,24.0,22.0,24.0,27.0,15.0,26.0,25.0,30.0,16.0,17.0,18.0,16.0,14.0,26.0,8.0,25.0,23.0,13.0,9.0,13.0,12.0,6.0,11.0,16.0,8.0,5.0,3.0,11.0,8.0,8.0,9.0,10.0,9.0,8.0,6.0,7.0,6.0,2.0,3.0,11.0,3.0,6.0,11.0,9.0,15.0,3.0,8.0,195.0,236.0,76.0,44.0,24.0,39.0,40.0,49.5,1.54,4.15,27.49,20.99,29.12,29.35,23.86,26.26,22.74,21.64,22.12,21.51,24.07,20.61,19.04,20.79,21.14,1.0,2026.0,1.42,641.0,5.41,2.27,False,True
UDK,26.0,7.5,,28-Feb-25,6.0,344.0,1323.0,1720.0,1869.0,878.0,1884.0,1704.0,2248.0,1599.0,1412.0,2119.0,373.0,349.0,222.0,224.0,595.0,542.0,115.0,856.0,831.0,120.0,766.0,959.0,1324.0,428.0,94.0,466.0,932.0,495.0,524.0,481.0,378.0,793.0,24.0,383.0,809.0,605.0,363.0,670.0,674.0,772.0,598.0,1326.0,1055.0,1175.0,527.0,955.0,1393.0,107.0,326.0,442.0,275.0,441.0,682.0,845.0,484.0,540.0,478.0,708.0,480.0,686.0,593.0,745.0,1166.0,563.0,417.0,250.0,231.0,375.0,160.0,866.0,213.0,522.0,895.0,272.0,219.0,227.0,275.0,192.0,210.0,282.0,192.0,46.0,48.0,100.0,78.0,58.0,46.0,184.0,95.0,202.0,89.0,78.0,22.0,49.0,164.0,65.0,44.0,228.0,237.0,367.0,45.0,76.0,20.0,16.0,16.0,16.0,24.0,18.0,25.0,27.0,26.0,8.0,19.0,23.0,24.0,18.0,18.0,28.0,30.0,20.0,20.0,19.0,24.0,28.0,7.0,20.0,26.0,13.0,19.0,25.0,26.0,21.0,22.0,20.0,20.0,26.0,16.0,24.0,20.0,8.0,16.0,25.0,13.0,21.0,27.0,22.0,10.0,25.0,24.0,22.0,24.0,27.0,15.0,26.0,25.0,30.0,16.0,17.0,18.0,16.0,14.0,26.0,8.0,25.0,23.0,13.0,9.0,13.0,12.0,6.0,11.0,16.0,8.0,5.0,3.0,11.0,8.0,8.0,9.0,10.0,9.0,8.0,6.0,7.0,6.0,2.0,3.0,11.0,3.0,6.0,11.0,9.0,15.0,3.0,8.0,195.0,236.0,76.0,44.0,24.0,39.0,40.0,49.5,2.66,4.45,27.49,20.99,29.12,29.35,23.86,26.26,22.74,21.64,22.12,21.51,24.07,20.61,19.04,20.79,21.14,1.0,2026.0,1.42,307.0,4.76,2.74,False,True
UDK,26A,7.0,,27-Apr-24,17.0,1063.0,936.0,1230.0,1524.0,1531.0,1296.0,2258.0,2349.0,2481.0,1311.0,1994.0,373.0,349.0,222.0,224.0,595.0,542.0,115.0,856.0,831.0,120.0,766.0,959.0,1324.0,428.0,94.0,466.0,932.0,495.0,524.0,481.0,378.0,793.0,24.0,383.0,809.0,605.0,363.0,670.0,674.0,772.0,598.0,1326.0,1055.0,1175.0,527.0,955.0,1393.0,107.0,326.0,442.0,275.0,441.0,682.0,845.0,484.0,540.0,478.0,708.0,480.0,686.0,593.0,745.0,1166.0,563.0,417.0,250.0,231.0,375.0,160.0,866.0,213.0,522.0,895.0,272.0,219.0,227.0,275.0,192.0,210.0,282.0,192.0,46.0,48.0,100.0,78.0,58.0,46.0,184.0,95.0,202.0,89.0,78.0,22.0,49.0,164.0,65.0,44.0,228.0,237.0,367.0,45.0,76.0,20.0,16.0,16.0,16.0,24.0,18.0,25.0,27.0,26.0,8.0,19.0,23.0,24.0,18.0,18.0,28.0,30.0,20.0,20.0,19.0,24.0,28.0,7.0,20.0,26.0,13.0,19.0,25.0,26.0,21.0,22.0,20.0,20.0,26.0,16.0,24.0,20.0,8.0,16.0,25.0,13.0,21.0,27.0,22.0,10.0,25.0,24.0,22.0,24.0,27.0,15.0,26.0,25.0,30.0,16.0,17.0,18.0,16.0,14.0,26.0,8.0,25.0,23.0,13.0,9.0,13.0,12.0,6.0,11.0,16.0,8.0,5.0,3.0,11.0,8.0,8.0,9.0,10.0,9.0,8.0,6.0,7.0,6.0,2.0,3.0,11.0,3.0,6.0,11.0,9.0,15.0,3.0,8.0,195.0,236.0,76.0,44.0,24.0,39.0,40.0,49.5,1.2,3.86,27.49,20.99,29.12,29.35,23.86,26.26,22.74,21.64,22.12,21.51,24.07,20.61,19.04,20.79,21.14,1.0,2026.0,1.42,614.0,5.16,2.61,False,True
UDK,27.0,4.5,,31-Aug-22,37.0,1176.0,1792.0,2363.0,1638.0,1819.0,2111.0,2199.0,1210.0,2114.0,1976.0,2236.0,373.0,349.0,222.0,224.0,595.0,542.0,115.0,856.0,831.0,120.0,766.0,959.0,1324.0,428.0,94.0,466.0,932.0,495.0,524.0,481.0,378.0,793.0,24.0,383.0,809.0,605.0,363.0,670.0,674.0,772.0,598.0,1326.0,1055.0,1175.0,527.0,955.0,1393.0,107.0,326.0,442.0,275.0,441.0,682.0,845.0,484.0,540.0,478.0,708.0,480.0,686.0,593.0,745.0,1166.0,563.0,417.0,250.0,231.0,375.0,160.0,866.0,213.0,522.0,895.0,272.0,219.0,227.0,275.0,192.0,210.0,282.0,192.0,46.0,48.0,100.0,78.0,58.0,46.0,184.0,95.0,202.0,89.0,78.0,22.0,49.0,164.0,65.0,44.0,228.0,237.0,367.0,45.0,76.0,20.0,16.0,16.0,16.0,24.0,18.0,25.0,27.0,26.0,8.0,19.0,23.0,24.0,18.0,18.0,28.0,30.0,20.0,20.0,19.0,24.0,28.0,7.0,20.0,26.0,13.0,19.0,25.0,26.0,21.0,22.0,20.0,20.0,26.0,16.0,24.0,20.0,8.0,16.0,25.0,13.0,21.0,27.0,22.0,10.0,25.0,24.0,22.0,24.0,27.0,15.0,26.0,25.0,30.0,16.0,17.0,18.0,16.0,14.0,26.0,8.0,25.0,23.0,13.0,9.0,13.0,12.0,6.0,11.0,16.0,8.0,5.0,3.0,11.0,8.0,8.0,9.0,10.0,9.0,8.0,6.0,7.0,6.0,2.0,3.0,11.0,3.0,6.0,11.0,9.0,15.0,3.0,8.0,195.0,236.0,76.0,44.0,24.0,39.0,40.0,49.5,1.43,4.85,27.49,20.99,29.12,29.35,23.86,26.26,22.74,21.64,22.12,21.51,24.07,20.61,19.04,20.79,21.14,1.0,2026.0,1.42,1219.0,4.81,1.37,False,True
UDK,27A,5.0,,19-Aug-25,1.0,634.0,1543.0,1512.0,602.0,1819.0,2111.0,2199.0,1210.0,2114.0,1976.0,2236.0,373.0,349.0,222.0,224.0,595.0,542.0,115.0,856.0,831.0,120.0,766.0,959.0,1324.0,428.0,94.0,466.0,932.0,495.0,524.0,481.0,378.0,793.0,24.0,383.0,809.0,605.0,363.0,670.0,674.0,772.0,598.0,1326.0,1055.0,1175.0,527.0,955.0,1393.0,107.0,326.0,442.0,275.0,441.0,682.0,845.0,484.0,540.0,478.0,708.0,480.0,686.0,593.0,745.0,1166.0,563.0,417.0,250.0,231.0,375.0,160.0,866.0,213.0,522.0,895.0,272.0,219.0,227.0,275.0,192.0,210.0,282.0,192.0,46.0,48.0,100.0,78.0,58.0,46.0,184.0,95.0,202.0,89.0,78.0,22.0,49.0,164.0,65.0,44.0,228.0,237.0,367.0,45.0,76.0,20.0,16.0,16.0,16.0,24.0,18.0,25.0,27.0,26.0,8.0,19.0,23.0,24.0,18.0,18.0,28.0,30.0,20.0,20.0,19.0,24.0,28.0,7.0,20.0,26.0,13.0,19.0,25.0,26.0,21.0,22.0,20.0,20.0,26.0,16.0,24.0,20.0,8.0,16.0,25.0,13.0,21.0,27.0,22.0,10.0,25.0,24.0,22.0,24.0,27.0,15.0,26.0,25.0,30.0,16.0,17.0,18.0,16.0,14.0,26.0,8.0,25.0,23.0,13.0,9.0,13.0,12.0,6.0,11.0,16.0,8.0,5.0,3.0,11.0,8.0,8.0,9.0,10.0,9.0,8.0,6.0,7.0,6.0,2.0,3.0,11.0,3.0,6.0,11.0,9.0,15.0,3.0,8.0,195.0,236.0,76.0,44.0,24.0,39.0,40.0,49.5,1.43,4.91,27.49,20.99,29.12,29.35,23.86,26.26,22.74,21.64,22.12,21.51,24.07,20.61,19.04,20.79,21.14,1.0,2026.0,1.42,135.0,5.02,2.79,False,True
UDK,29.0,4.0,,15-Aug-25,1.0,666.0,2075.0,2043.0,1308.0,1814.0,2132.0,2031.0,2378.0,1346.0,1596.0,2681.0,373.0,349.0,222.0,224.0,595.0,542.0,115.0,856.0,831.0,120.0,766.0,959.0,1324.0,428.0,94.0,466.0,932.0,495.0,524.0,481.0,378.0,793.0,24.0,383.0,809.0,605.0,363.0,670.0,674.0,772.0,598.0,1326.0,1055.0,1175.0,527.0,955.0,1393.0,107.0,326.0,442.0,275.0,441.0,682.0,845.0,484.0,540.0,478.0,708.0,480.0,686.0,593.0,745.0,1166.0,563.0,417.0,250.0,231.0,375.0,160.0,866.0,213.0,522.0,895.0,272.0,219.0,227.0,275.0,192.0,210.0,282.0,192.0,46.0,48.0,100.0,78.0,58.0,46.0,184.0,95.0,202.0,89.0,78.0,22.0,49.0,164.0,65.0,44.0,228.0,237.0,367.0,45.0,76.0,20.0,16.0,16.0,16.0,24.0,18.0,25.0,27.0,26.0,8.0,19.0,23.0,24.0,18.0,18.0,28.0,30.0,20.0,20.0,19.0,24.0,28.0,7.0,20.0,26.0,13.0,19.0,25.0,26.0,21.0,22.0,20.0,20.0,26.0,16.0,24.0,20.0,8.0,16.0,25.0,13.0,21.0,27.0,22.0,10.0,25.0,24.0,22.0,24.0,27.0,15.0,26.0,25.0,30.0,16.0,17.0,18.0,16.0,14.0,26.0,8.0,25.0,23.0,13.0,9.0,13.0,12.0,6.0,11.0,16.0,8.0,5.0,3.0,11.0,8.0,8.0,9.0,10.0,9.0,8.0,6.0,7.0,6.0,2.0,3.0,11.0,3.0,6.0,11.0,9.0,15.0,3.0,8.0,195.0,236.0,76.0,44.0,24.0,39.0,40.0,49.5,1.76,4.48,27.49,20.99,29.12,29.35,23.86,26.26,22.74,21.64,22.12,21.51,24.07,20.61,19.04,20.79,21.14,1.0,2026.0,1.42,139.0,5.05,2.08,False,True
UDK,30.0,4.0,,26-Aug-23,25.0,1166.0,2189.0,1396.0,1743.0,2370.0,2156.0,2199.0,2199.0,2550.0,2121.0,1732.0,373.0,349.0,222.0,224.0,595.0,542.0,115.0,856.0,831.0,120.0,766.0,959.0,1324.0,428.0,94.0,466.0,932.0,495.0,524.0,481.0,378.0,793.0,24.0,383.0,809.0,605.0,363.0,670.0,674.0,772.0,598.0,1326.0,1055.0,1175.0,527.0,955.0,1393.0,107.0,326.0,442.0,275.0,441.0,682.0,845.0,484.0,540.0,478.0,708.0,480.0,686.0,593.0,745.0,1166.0,563.0,417.0,250.0,231.0,375.0,160.0,866.0,213.0,522.0,895.0,272.0,219.0,227.0,275.0,192.0,210.0,282.0,192.0,46.0,48.0,100.0,78.0,58.0,46.0,184.0,95.0,202.0,89.0,78.0,22.0,49.0,164.0,65.0,44.0,228.0,237.0,367.0,45.0,76.0,20.0,16.0,16.0,16.0,24.0,18.0,25.0,27.0,26.0,8.0,19.0,23.0,24.0,18.0,18.0,28.0,30.0,20.0,20.0,19.0,24.0,28.0,7.0,20.0,26.0,13.0,19.0,25.0,26.0,21.0,22.0,20.0,20.0,26.0,16.0,24.0,20.0,8.0,16.0,25.0,13.0,21.0,27.0,22.0,10.0,25.0,24.0,22.0,24.0,27.0,15.0,26.0,25.0,30.0,16.0,17.0,18.0,16.0,14.0,26.0,8.0,25.0,23.0,13.0,9.0,13.0,12.0,6.0,11.0,16.0,8.0,5.0,3.0,11.0,8.0,8.0,9.0,10.0,9.0,8.0,6.0,7.0,6.0,2.0,3.0,11.0,3.0,6.0,11.0,9.0,15.0,3.0,8.0,195.0,236.0,76.0,44.0,24.0,39.0,40.0,49.5,1.58,4.71,27.49,20.99,29.12,29.35,23.86,26.26,22.74,21.64,22.12,21.51,24.07,20.61,19.04,20.79,21.14,1.0,2026.0,1.42,859.0,4.68,2.61,False,True
UDK,30A,5.0,,25-Feb-23,31.0,1190.0,1945.0,1204.0,1172.0,1568.0,2250.0,1202.0,1741.0,2074.0,1808.0,1573.0,373.0,349.0,222.0,224.0,595.0,542.0,115.0,856.0,831.0,120.0,766.0,959.0,1324.0,428.0,94.0,466.0,932.0,495.0,524.0,481.0,378.0,793.0,24.0,383.0,809.0,605.0,363.0,670.0,674.0,772.0,598.0,1326.0,1055.0,1175.0,527.0,955.0,1393.0,107.0,326.0,442.0,275.0,441.0,682.0,845.0,484.0,540.0,478.0,708.0,480.0,686.0,593.0,745.0,1166.0,563.0,417.0,250.0,231.0,375.0,160.0,866.0,213.0,522.0,895.0,272.0,219.0,227.0,275.0,192.0,210.0,282.0,192.0,46.0,48.0,100.0,78.0,58.0,46.0,184.0,95.0,202.0,89.0,78.0,22.0,49.0,164.0,65.0,44.0,228.0,237.0,367.0,45.0,76.0,20.0,16.0,16.0,16.0,24.0,18.0,25.0,27.0,26.0,8.0,19.0,23.0,24.0,18.0,18.0,28.0,30.0,20.0,20.0,19.0,24.0,28.0,7.0,20.0,26.0,13.0,19.0,25.0,26.0,21.0,22.0,20.0,20.0,26.0,16.0,24.0,20.0,8.0,16.0,25.0,13.0,21.0,27.0,22.0,10.0,25.0,24.0,22.0,24.0,27.0,15.0,26.0,25.0,30.0,16.0,17.0,18.0,16.0,14.0,26.0,8.0,25.0,23.0,13.0,9.0,13.0,12.0,6.0,11.0,16.0,8.0,5.0,3.0,11.0,8.0,8.0,9.0,10.0,9.0,8.0,6.0,7.0,6.0,2.0,3.0,11.0,3.0,6.0,11.0,9.0,15.0,3.0,8.0,195.0,236.0,76.0,44.0,24.0,39.0,40.0,49.5,1.56,3.68,27.49,20.99,29.12,29.35,23.86,26.26,22.74,21.64,22.12,21.51,24.07,20.61,19.04,20.79,21.14,1.0,2026.0,1.42,1041.0,5.47,2.79,False,True
UDK,32.0,6.0,,24-Aug-24,13.0,1333.0,1009.0,1473.0,1387.0,1215.0,1429.0,1853.0,2210.0,1277.0,1477.0,2147.0,373.0,349.0,222.0,224.0,595.0,542.0,115.0,856.0,831.0,120.0,766.0,959.0,1324.0,428.0,94.0,466.0,932.0,495.0,524.0,481.0,378.0,793.0,24.0,383.0,809.0,605.0,363.0,670.0,674.0,772.0,598.0,1326.0,1055.0,1175.0,527.0,955.0,1393.0,107.0,326.0,442.0,275.0,441.0,682.0,845.0,484.0,540.0,478.0,708.0,480.0,686.0,593.0,745.0,1166.0,563.0,417.0,250.0,231.0,375.0,160.0,866.0,213.0,522.0,895.0,272.0,219.0,227.0,275.0,192.0,210.0,282.0,192.0,46.0,48.0,100.0,78.0,58.0,46.0,184.0,95.0,202.0,89.0,78.0,22.0,49.0,164.0,65.0,44.0,228.0,237.0,367.0,45.0,76.0,20.0,16.0,16.0,16.0,24.0,18.0,25.0,27.0,26.0,8.0,19.0,23.0,24.0,18.0,18.0,28.0,30.0,20.0,20.0,19.0,24.0,28.0,7.0,20.0,26.0,13.0,19.0,25.0,26.0,21.0,22.0,20.0,20.0,26.0,16.0,24.0,20.0,8.0,16.0,25.0,13.0,21.0,27.0,22.0,10.0,25.0,24.0,22.0,24.0,27.0,15.0,26.0,25.0,30.0,16.0,17.0,18.0,16.0,14.0,26.0,8.0,25.0,23.0,13.0,9.0,13.0,12.0,6.0,11.0,16.0,8.0,5.0,3.0,11.0,8.0,8.0,9.0,10.0,9.0,8.0,6.0,7.0,6.0,2.0,3.0,11.0,3.0,6.0,11.0,9.0,15.0,3.0,8.0,195.0,236.0,76.0,44.0,24.0,39.0,40.0,49.5,1.61,4.38,27.49,20.99,29.12,29.35,23.86,26.26,22.74,21.64,22.12,21.51,24.07,20.61,19.04,20.79,21.14,1.0,2026.0,1.42,495.0,5.28,1.64,False,True
UDK,33.0,6.0,,19-Mar-23,30.0,1247.0,1995.0,1422.0,1841.0,2853.0,2873.0,1659.0,3111.0,3225.0,1817.0,1289.0,373.0,349.0,222.0,224.0,595.0,542.0,115.0,856.0,831.0,120.0,766.0,959.0,1324.0,428.0,94.0,466.0,932.0,495.0,524.0,481.0,378.0,793.0,24.0,383.0,809.0,605.0,363.0,670.0,674.0,772.0,598.0,1326.0,1055.0,1175.0,527.0,955.0,1393.0,107.0,326.0,442.0,275.0,441.0,682.0,845.0,484.0,540.0,478.0,708.0,480.0,686.0,593.0,745.0,1166.0,563.0,417.0,250.0,231.0,375.0,160.0,866.0,213.0,522.0,895.0,272.0,219.0,227.0,275.0,192.0,210.0,282.0,192.0,46.0,48.0,100.0,78.0,58.0,46.0,184.0,95.0,202.0,89.0,78.0,22.0,49.0,164.0,65.0,44.0,228.0,237.0,367.0,45.0,76.0,20.0,16.0,16.0,16.0,24.0,18.0,25.0,27.0,26.0,8.0,19.0,23.0,24.0,18.0,18.0,28.0,30.0,20.0,20.0,19.0,24.0,28.0,7.0,20.0,26.0,13.0,19.0,25.0,26.0,21.0,22.0,20.0,20.0,26.0,16.0,24.0,20.0,8.0,16.0,25.0,13.0,21.0,27.0,22.0,10.0,25.0,24.0,22.0,24.0,27.0,15.0,26.0,25.0,30.0,16.0,17.0,18.0,16.0,14.0,26.0,8.0,25.0,23.0,13.0,9.0,13.0,12.0,6.0,11.0,16.0,8.0,5.0,3.0,11.0,8.0,8.0,9.0,10.0,9.0,8.0,6.0,7.0,6.0,2.0,3.0,11.0,3.0,6.0,11.0,9.0,15.0,3.0,8.0,195.0,236.0,76.0,44.0,24.0,39.0,40.0,49.5,1.28,4.82,27.49,20.99,29.12,29.35,23.86,26.26,22.74,21.64,22.12,21.51,24.07,20.61,19.04,20.79,21.14,1.0,2026.0,1.42,1019.0,5.44,1.22,False,True
UDK,49.0,7.0,,10-Feb-25,7.0,417.0,1431.0,1859.0,2011.0,951.0,2135.0,1988.0,2230.0,1269.0,2122.0,2136.0,373.0,349.0,222.0,224.0,595.0,542.0,115.0,856.0,831.0,120.0,766.0,959.0,1324.0,428.0,94.0,466.0,932.0,495.0,524.0,481.0,378.0,793.0,24.0,383.0,809.0,605.0,363.0,670.0,674.0,772.0,598.0,1326.0,1055.0,1175.0,527.0,955.0,1393.0,107.0,326.0,442.0,275.0,441.0,682.0,845.0,484.0,540.0,478.0,708.0,480.0,686.0,593.0,745.0,1166.0,563.0,417.0,250.0,231.0,375.0,160.0,866.0,213.0,522.0,895.0,272.0,219.0,227.0,275.0,192.0,210.0,282.0,192.0,46.0,48.0,100.0,78.0,58.0,46.0,184.0,95.0,202.0,89.0,78.0,22.0,49.0,164.0,65.0,44.0,228.0,237.0,367.0,45.0,76.0,20.0,16.0,16.0,16.0,24.0,18.0,25.0,27.0,26.0,8.0,19.0,23.0,24.0,18.0,18.0,28.0,30.0,20.0,20.0,19.0,24.0,28.0,7.0,20.0,26.0,13.0,19.0,25.0,26.0,21.0,22.0,20.0,20.0,26.0,16.0,24.0,20.0,8.0,16.0,25.0,13.0,21.0,27.0,22.0,10.0,25.0,24.0,22.0,24.0,27.0,15.0,26.0,25.0,30.0,16.0,17.0,18.0,16.0,14.0,26.0,8.0,25.0,23.0,13.0,9.0,13.0,12.0,6.0,11.0,16.0,8.0,5.0,3.0,11.0,8.0,8.0,9.0,10.0,9.0,8.0,6.0,7.0,6.0,2.0,3.0,11.0,3.0,6.0,11.0,9.0,15.0,3.0,8.0,195.0,236.0,76.0,44.0,24.0,39.0,40.0,49.5,1.31,4.21,27.49,20.99,29.12,29.35,23.86,26.26,22.74,21.64,22.12,21.51,24.07,20.61,19.04,20.79,21.14,1.0,2026.0,1.42,325.0,5.39,1.46,False,True
UDK,28.0,4.0,,20-Feb-23,31.0,446.0,1182.0,2067.0,680.0,1459.0,1117.0,708.0,1193.0,1312.0,1282.0,1593.0,373.0,349.0,222.0,224.0,595.0,542.0,115.0,856.0,831.0,120.0,766.0,959.0,1324.0,428.0,94.0,466.0,932.0,495.0,524.0,481.0,378.0,793.0,24.0,383.0,809.0,605.0,363.0,670.0,674.0,772.0,598.0,1326.0,1055.0,1175.0,527.0,955.0,1393.0,107.0,326.0,442.0,275.0,441.0,682.0,845.0,484.0,540.0,478.0,708.0,480.0,686.0,593.0,745.0,1166.0,563.0,417.0,250.0,231.0,375.0,160.0,866.0,213.0,522.0,895.0,272.0,219.0,227.0,275.0,192.0,210.0,282.0,192.0,46.0,48.0,100.0,78.0,58.0,46.0,184.0,95.0,202.0,89.0,78.0,22.0,49.0,164.0,65.0,44.0,228.0,237.0,367.0,45.0,76.0,20.0,16.0,16.0,16.0,24.0,18.0,25.0,27.0,26.0,8.0,19.0,23.0,24.0,18.0,18.0,28.0,30.0,20.0,20.0,19.0,24.0,28.0,7.0,20.0,26.0,13.0,19.0,25.0,26.0,21.0,22.0,20.0,20.0,26.0,16.0,24.0,20.0,8.0,16.0,25.0,13.0,21.0,27.0,22.0,10.0,25.0,24.0,22.0,24.0,27.0,15.0,26.0,25.0,30.0,16.0,17.0,18.0,16.0,14.0,26.0,8.0,25.0,23.0,13.0,9.0,13.0,12.0,6.0,11.0,16.0,8.0,5.0,3.0,11.0,8.0,8.0,9.0,10.0,9.0,8.0,6.0,7.0,6.0,2.0,3.0,11.0,3.0,6.0,11.0,9.0,15.0,3.0,8.0,195.0,236.0,76.0,44.0,24.0,39.0,40.0,49.5,1.58,5.55,27.49,20.99,29.12,29.35,23.86,26.26,22.74,21.64,22.12,21.51,24.07,20.61,19.04,20.79,21.14,1.0,2026.0,1.42,1046.0,5.1,1.85,True,False
LDK,44.0,9.5,,23-Mar-24,18.0,1151.0,1427.0,868.0,955.0,2000.0,1285.0,1739.0,1891.0,1337.0,1600.0,1585.0,373.0,349.0,222.0,224.0,595.0,542.0,115.0,856.0,831.0,120.0,766.0,959.0,1324.0,428.0,94.0,466.0,932.0,495.0,524.0,481.0,378.0,793.0,24.0,383.0,809.0,605.0,363.0,670.0,674.0,772.0,598.0,1326.0,1055.0,1175.0,527.0,955.0,1393.0,107.0,326.0,442.0,275.0,441.0,682.0,845.0,484.0,540.0,478.0,708.0,480.0,686.0,593.0,745.0,1166.0,563.0,417.0,250.0,231.0,375.0,160.0,866.0,213.0,522.0,895.0,272.0,219.0,227.0,275.0,192.0,210.0,282.0,192.0,46.0,48.0,100.0,78.0,58.0,46.0,184.0,95.0,202.0,89.0,78.0,22.0,49.0,164.0,65.0,44.0,228.0,237.0,367.0,45.0,76.0,20.0,16.0,16.0,16.0,24.0,18.0,25.0,27.0,26.0,8.0,19.0,23.0,24.0,18.0,18.0,28.0,30.0,20.0,20.0,19.0,24.0,28.0,7.0,20.0,26.0,13.0,19.0,25.0,26.0,21.0,22.0,20.0,20.0,26.0,16.0,24.0,20.0,8.0,16.0,25.0,13.0,21.0,27.0,22.0,10.0,25.0,24.0,22.0,24.0,27.0,15.0,26.0,25.0,30.0,16.0,17.0,18.0,16.0,14.0,26.0,8.0,25.0,23.0,13.0,9.0,13.0,12.0,6.0,11.0,16.0,8.0,5.0,3.0,11.0,8.0,8.0,9.0,10.0,9.0,8.0,6.0,7.0,6.0,2.0,3.0,11.0,3.0,6.0,11.0,9.0,15.0,3.0,8.0,195.0,236.0,76.0,44.0,24.0,39.0,40.0,49.5,2.21,4.17,33.41,20.64,25.48,26.82,19.67,23.48,24.4,27.56,20.29,21.34,23.22,19.62,19.44,21.3,20.47,1.0,2026.0,1.46,649.0,5.42,2.64,False,True
LDK,45.0,3.75,,9-Sep-22,36.0,1035.0,1617.0,2332.0,1749.0,1639.0,1901.0,1761.0,1077.0,1956.0,1519.0,1651.0,373.0,349.0,222.0,224.0,595.0,542.0,115.0,856.0,831.0,120.0,766.0,959.0,1324.0,428.0,94.0,466.0,932.0,495.0,524.0,481.0,378.0,793.0,24.0,383.0,809.0,605.0,363.0,670.0,674.0,772.0,598.0,1326.0,1055.0,1175.0,527.0,955.0,1393.0,107.0,326.0,442.0,275.0,441.0,682.0,845.0,484.0,540.0,478.0,708.0,480.0,686.0,593.0,745.0,1166.0,563.0,417.0,250.0,231.0,375.0,160.0,866.0,213.0,522.0,895.0,272.0,219.0,227.0,275.0,192.0,210.0,282.0,192.0,46.0,48.0,100.0,78.0,58.0,46.0,184.0,95.0,202.0,89.0,78.0,22.0,49.0,164.0,65.0,44.0,228.0,237.0,367.0,45.0,76.0,20.0,16.0,16.0,16.0,24.0,18.0,25.0,27.0,26.0,8.0,19.0,23.0,24.0,18.0,18.0,28.0,30.0,20.0,20.0,19.0,24.0,28.0,7.0,20.0,26.0,13.0,19.0,25.0,26.0,21.0,22.0,20.0,20.0,26.0,16.0,24.0,20.0,8.0,16.0,25.0,13.0,21.0,27.0,22.0,10.0,25.0,24.0,22.0,24.0,27.0,15.0,26.0,25.0,30.0,16.0,17.0,18.0,16.0,14.0,26.0,8.0,25.0,23.0,13.0,9.0,13.0,12.0,6.0,11.0,16.0,8.0,5.0,3.0,11.0,8.0,8.0,9.0,10.0,9.0,8.0,6.0,7.0,6.0,2.0,3.0,11.0,3.0,6.0,11.0,9.0,15.0,3.0,8.0,195.0,236.0,76.0,44.0,24.0,39.0,40.0,49.5,1.61,5.26,33.41,20.64,25.48,26.82,19.67,23.48,24.4,27.56,20.29,21.34,23.22,19.62,19.44,21.3,20.47,1.0,2026.0,1.46,1210.0,4.59,2.72,False,True
LDK,45A,3.75,,28-Feb-25,6.0,557.0,1396.0,1867.0,504.0,1639.0,1901.0,1761.0,1077.0,1956.0,1519.0,1361.0,373.0,349.0,222.0,224.0,595.0,542.0,115.0,856.0,831.0,120.0,766.0,959.0,1324.0,428.0,94.0,466.0,932.0,495.0,524.0,481.0,378.0,793.0,24.0,383.0,809.0,605.0,363.0,670.0,674.0,772.0,598.0,1326.0,1055.0,1175.0,527.0,955.0,1393.0,107.0,326.0,442.0,275.0,441.0,682.0,845.0,484.0,540.0,478.0,708.0,480.0,686.0,593.0,745.0,1166.0,563.0,417.0,250.0,231.0,375.0,160.0,866.0,213.0,522.0,895.0,272.0,219.0,227.0,275.0,192.0,210.0,282.0,192.0,46.0,48.0,100.0,78.0,58.0,46.0,184.0,95.0,202.0,89.0,78.0,22.0,49.0,164.0,65.0,44.0,228.0,237.0,367.0,45.0,76.0,20.0,16.0,16.0,16.0,24.0,18.0,25.0,27.0,26.0,8.0,19.0,23.0,24.0,18.0,18.0,28.0,30.0,20.0,20.0,19.0,24.0,28.0,7.0,20.0,26.0,13.0,19.0,25.0,26.0,21.0,22.0,20.0,20.0,26.0,16.0,24.0,20.0,8.0,16.0,25.0,13.0,21.0,27.0,22.0,10.0,25.0,24.0,22.0,24.0,27.0,15.0,26.0,25.0,30.0,16.0,17.0,18.0,16.0,14.0,26.0,8.0,25.0,23.0,13.0,9.0,13.0,12.0,6.0,11.0,16.0,8.0,5.0,3.0,11.0,8.0,8.0,9.0,10.0,9.0,8.0,6.0,7.0,6.0,2.0,3.0,11.0,3.0,6.0,11.0,9.0,15.0,3.0,8.0,195.0,236.0,76.0,44.0,24.0,39.0,40.0,49.5,1.84,5.51,33.41,20.64,25.48,26.82,19.67,23.48,24.4,27.56,20.29,21.34,23.22,19.62,19.44,21.3,20.47,1.0,2026.0,1.46,307.0,4.7,1.01,False,True
LDK,46.0,3.0,,28-Feb-23,31.0,1198.0,1596.0,1875.0,1385.0,2153.0,2281.0,1288.0,1699.0,2233.0,1855.0,1361.0,373.0,349.0,222.0,224.0,595.0,542.0,115.0,856.0,831.0,120.0,766.0,959.0,1324.0,428.0,94.0,466.0,932.0,495.0,524.0,481.0,378.0,793.0,24.0,383.0,809.0,605.0,363.0,670.0,674.0,772.0,598.0,1326.0,1055.0,1175.0,527.0,955.0,1393.0,107.0,326.0,442.0,275.0,441.0,682.0,845.0,484.0,540.0,478.0,708.0,480.0,686.0,593.0,745.0,1166.0,563.0,417.0,250.0,231.0,375.0,160.0,866.0,213.0,522.0,895.0,272.0,219.0,227.0,275.0,192.0,210.0,282.0,192.0,46.0,48.0,100.0,78.0,58.0,46.0,184.0,95.0,202.0,89.0,78.0,22.0,49.0,164.0,65.0,44.0,228.0,237.0,367.0,45.0,76.0,20.0,16.0,16.0,16.0,24.0,18.0,25.0,27.0,26.0,8.0,19.0,23.0,24.0,18.0,18.0,28.0,30.0,20.0,20.0,19.0,24.0,28.0,7.0,20.0,26.0,13.0,19.0,25.0,26.0,21.0,22.0,20.0,20.0,26.0,16.0,24.0,20.0,8.0,16.0,25.0,13.0,21.0,27.0,22.0,10.0,25.0,24.0,22.0,24.0,27.0,15.0,26.0,25.0,30.0,16.0,17.0,18.0,16.0,14.0,26.0,8.0,25.0,23.0,13.0,9.0,13.0,12.0,6.0,11.0,16.0,8.0,5.0,3.0,11.0,8.0,8.0,9.0,10.0,9.0,8.0,6.0,7.0,6.0,2.0,3.0,11.0,3.0,6.0,11.0,9.0,15.0,3.0,8.0,195.0,236.0,76.0,44.0,24.0,39.0,40.0,49.5,1.76,4.19,33.41,20.64,25.48,26.82,19.67,23.48,24.4,27.56,20.29,21.34,23.22,19.62,19.44,21.3,20.47,1.0,2026.0,1.46,1038.0,4.55,2.02,False,True
LDK,47.0,1.5,,28-Feb-23,31.0,1218.0,2001.0,1932.0,1395.0,2571.0,2221.0,1487.0,2116.0,2589.0,2360.0,1700.0,373.0,349.0,222.0,224.0,595.0,542.0,115.0,856.0,831.0,120.0,766.0,959.0,1324.0,428.0,94.0,466.0,932.0,495.0,524.0,481.0,378.0,793.0,24.0,383.0,809.0,605.0,363.0,670.0,674.0,772.0,598.0,1326.0,1055.0,1175.0,527.0,955.0,1393.0,107.0,326.0,442.0,275.0,441.0,682.0,845.0,484.0,540.0,478.0,708.0,480.0,686.0,593.0,745.0,1166.0,563.0,417.0,250.0,231.0,375.0,160.0,866.0,213.0,522.0,895.0,272.0,219.0,227.0,275.0,192.0,210.0,282.0,192.0,46.0,48.0,100.0,78.0,58.0,46.0,184.0,95.0,202.0,89.0,78.0,22.0,49.0,164.0,65.0,44.0,228.0,237.0,367.0,45.0,76.0,20.0,16.0,16.0,16.0,24.0,18.0,25.0,27.0,26.0,8.0,19.0,23.0,24.0,18.0,18.0,28.0,30.0,20.0,20.0,19.0,24.0,28.0,7.0,20.0,26.0,13.0,19.0,25.0,26.0,21.0,22.0,20.0,20.0,26.0,16.0,24.0,20.0,8.0,16.0,25.0,13.0,21.0,27.0,22.0,10.0,25.0,24.0,22.0,24.0,27.0,15.0,26.0,25.0,30.0,16.0,17.0,18.0,16.0,14.0,26.0,8.0,25.0,23.0,13.0,9.0,13.0,12.0,6.0,11.0,16.0,8.0,5.0,3.0,11.0,8.0,8.0,9.0,10.0,9.0,8.0,6.0,7.0,6.0,2.0,3.0,11.0,3.0,6.0,11.0,9.0,15.0,3.0,8.0,195.0,236.0,76.0,44.0,24.0,39.0,40.0,49.5,2.27,4.53,33.41,20.64,25.48,26.82,19.67,23.48,24.4,27.56,20.29,21.34,23.22,19.62,19.44,21.3,20.47,1.0,2026.0,1.46,1038.0,4.83,1.83,False,True
LDK,50.0,3.0,,31-Aug-24,12.0,857.0,1072.0,2105.0,1901.0,1428.0,1725.0,1737.0,2024.0,1587.0,1660.0,2375.0,373.0,349.0,222.0,224.0,595.0,542.0,115.0,856.0,831.0,120.0,766.0,959.0,1324.0,428.0,94.0,466.0,932.0,495.0,524.0,481.0,378.0,793.0,24.0,383.0,809.0,605.0,363.0,670.0,674.0,772.0,598.0,1326.0,1055.0,1175.0,527.0,955.0,1393.0,107.0,326.0,442.0,275.0,441.0,682.0,845.0,484.0,540.0,478.0,708.0,480.0,686.0,593.0,745.0,1166.0,563.0,417.0,250.0,231.0,375.0,160.0,866.0,213.0,522.0,895.0,272.0,219.0,227.0,275.0,192.0,210.0,282.0,192.0,46.0,48.0,100.0,78.0,58.0,46.0,184.0,95.0,202.0,89.0,78.0,22.0,49.0,164.0,65.0,44.0,228.0,237.0,367.0,45.0,76.0,20.0,16.0,16.0,16.0,24.0,18.0,25.0,27.0,26.0,8.0,19.0,23.0,24.0,18.0,18.0,28.0,30.0,20.0,20.0,19.0,24.0,28.0,7.0,20.0,26.0,13.0,19.0,25.0,26.0,21.0,22.0,20.0,20.0,26.0,16.0,24.0,20.0,8.0,16.0,25.0,13.0,21.0,27.0,22.0,10.0,25.0,24.0,22.0,24.0,27.0,15.0,26.0,25.0,30.0,16.0,17.0,18.0,16.0,14.0,26.0,8.0,25.0,23.0,13.0,9.0,13.0,12.0,6.0,11.0,16.0,8.0,5.0,3.0,11.0,8.0,8.0,9.0,10.0,9.0,8.0,6.0,7.0,6.0,2.0,3.0,11.0,3.0,6.0,11.0,9.0,15.0,3.0,8.0,195.0,236.0,76.0,44.0,24.0,39.0,40.0,49.5,2.89,4.81,33.41,20.64,25.48,26.82,19.67,23.48,24.4,27.56,20.29,21.34,23.22,19.62,19.44,21.3,20.47,1.0,2026.0,1.46,488.0,4.89,1.44,False,True
LDK,51.0,3.0,,24-Aug-25,1.0,691.0,1701.0,2095.0,1825.0,1651.0,2223.0,2264.0,1462.0,2010.0,1817.0,2397.0,373.0,349.0,222.0,224.0,595.0,542.0,115.0,856.0,831.0,120.0,766.0,959.0,1324.0,428.0,94.0,466.0,932.0,495.0,524.0,481.0,378.0,793.0,24.0,383.0,809.0,605.0,363.0,670.0,674.0,772.0,598.0,1326.0,1055.0,1175.0,527.0,955.0,1393.0,107.0,326.0,442.0,275.0,441.0,682.0,845.0,484.0,540.0,478.0,708.0,480.0,686.0,593.0,745.0,1166.0,563.0,417.0,250.0,231.0,375.0,160.0,866.0,213.0,522.0,895.0,272.0,219.0,227.0,275.0,192.0,210.0,282.0,192.0,46.0,48.0,100.0,78.0,58.0,46.0,184.0,95.0,202.0,89.0,78.0,22.0,49.0,164.0,65.0,44.0,228.0,237.0,367.0,45.0,76.0,20.0,16.0,16.0,16.0,24.0,18.0,25.0,27.0,26.0,8.0,19.0,23.0,24.0,18.0,18.0,28.0,30.0,20.0,20.0,19.0,24.0,28.0,7.0,20.0,26.0,13.0,19.0,25.0,26.0,21.0,22.0,20.0,20.0,26.0,16.0,24.0,20.0,8.0,16.0,25.0,13.0,21.0,27.0,22.0,10.0,25.0,24.0,22.0,24.0,27.0,15.0,26.0,25.0,30.0,16.0,17.0,18.0,16.0,14.0,26.0,8.0,25.0,23.0,13.0,9.0,13.0,12.0,6.0,11.0,16.0,8.0,5.0,3.0,11.0,8.0,8.0,9.0,10.0,9.0,8.0,6.0,7.0,6.0,2.0,3.0,11.0,3.0,6.0,11.0,9.0,15.0,3.0,8.0,195.0,236.0,76.0,44.0,24.0,39.0,40.0,49.5,2.27,4.22,33.41,20.64,25.48,26.82,19.67,23.48,24.4,27.56,20.29,21.34,23.22,19.62,19.44,21.3,20.47,1.0,2026.0,1.46,130.0,4.77,1.24,False,True
LDK,52.0,2.0,,19-Mar-23,30.0,1301.0,2177.0,1680.0,1737.0,2326.0,2439.0,1464.0,2427.0,3003.0,2539.0,1361.0,373.0,349.0,222.0,224.0,595.0,542.0,115.0,856.0,831.0,120.0,766.0,959.0,1324.0,428.0,94.0,466.0,932.0,495.0,524.0,481.0,378.0,793.0,24.0,383.0,809.0,605.0,363.0,670.0,674.0,772.0,598.0,1326.0,1055.0,1175.0,527.0,955.0,1393.0,107.0,326.0,442.0,275.0,441.0,682.0,845.0,484.0,540.0,478.0,708.0,480.0,686.0,593.0,745.0,1166.0,563.0,417.0,250.0,231.0,375.0,160.0,866.0,213.0,522.0,895.0,272.0,219.0,227.0,275.0,192.0,210.0,282.0,192.0,46.0,48.0,100.0,78.0,58.0,46.0,184.0,95.0,202.0,89.0,78.0,22.0,49.0,164.0,65.0,44.0,228.0,237.0,367.0,45.0,76.0,20.0,16.0,16.0,16.0,24.0,18.0,25.0,27.0,26.0,8.0,19.0,23.0,24.0,18.0,18.0,28.0,30.0,20.0,20.0,19.0,24.0,28.0,7.0,20.0,26.0,13.0,19.0,25.0,26.0,21.0,22.0,20.0,20.0,26.0,16.0,24.0,20.0,8.0,16.0,25.0,13.0,21.0,27.0,22.0,10.0,25.0,24.0,22.0,24.0,27.0,15.0,26.0,25.0,30.0,16.0,17.0,18.0,16.0,14.0,26.0,8.0,25.0,23.0,13.0,9.0,13.0,12.0,6.0,11.0,16.0,8.0,5.0,3.0,11.0,8.0,8.0,9.0,10.0,9.0,8.0,6.0,7.0,6.0,2.0,3.0,11.0,3.0,6.0,11.0,9.0,15.0,3.0,8.0,195.0,236.0,76.0,44.0,24.0,39.0,40.0,49.5,1.9,4.37,33.41,20.64,25.48,26.82,19.67,23.48,24.4,27.56,20.29,21.34,23.22,19.62,19.44,21.3,20.47,1.0,2026.0,1.46,1019.0,5.33,1.68,False,True
LDK,52A,2.0,,27-Aug-23,25.0,1174.0,1869.0,1363.0,1615.0,2360.0,2309.0,1141.0,1929.0,3964.0,2852.0,2510.0,373.0,349.0,222.0,224.0,595.0,542.0,115.0,856.0,831.0,120.0,766.0,959.0,1324.0,428.0,94.0,466.0,932.0,495.0,524.0,481.0,378.0,793.0,24.0,383.0,809.0,605.0,363.0,670.0,674.0,772.0,598.0,1326.0,1055.0,1175.0,527.0,955.0,1393.0,107.0,326.0,442.0,275.0,441.0,682.0,845.0,484.0,540.0,478.0,708.0,480.0,686.0,593.0,745.0,1166.0,563.0,417.0,250.0,231.0,375.0,160.0,866.0,213.0,522.0,895.0,272.0,219.0,227.0,275.0,192.0,210.0,282.0,192.0,46.0,48.0,100.0,78.0,58.0,46.0,184.0,95.0,202.0,89.0,78.0,22.0,49.0,164.0,65.0,44.0,228.0,237.0,367.0,45.0,76.0,20.0,16.0,16.0,16.0,24.0,18.0,25.0,27.0,26.0,8.0,19.0,23.0,24.0,18.0,18.0,28.0,30.0,20.0,20.0,19.0,24.0,28.0,7.0,20.0,26.0,13.0,19.0,25.0,26.0,21.0,22.0,20.0,20.0,26.0,16.0,24.0,20.0,8.0,16.0,25.0,13.0,21.0,27.0,22.0,10.0,25.0,24.0,22.0,24.0,27.0,15.0,26.0,25.0,30.0,16.0,17.0,18.0,16.0,14.0,26.0,8.0,25.0,23.0,13.0,9.0,13.0,12.0,6.0,11.0,16.0,8.0,5.0,3.0,11.0,8.0,8.0,9.0,10.0,9.0,8.0,6.0,7.0,6.0,2.0,3.0,11.0,3.0,6.0,11.0,9.0,15.0,3.0,8.0,195.0,236.0,76.0,44.0,24.0,39.0,40.0,49.5,2.36,4.33,33.41,20.64,25.48,26.82,19.67,23.48,24.4,27.56,20.29,21.34,23.22,19.62,19.44,21.3,20.47,1.0,2026.0,1.46,858.0,4.86,2.89,False,True
LDK,53.0,2.0,,25-Sep-23,24.0,1289.0,1896.0,1363.0,1514.0,2137.0,1896.0,1460.0,-,-,-,-,373.0,349.0,222.0,224.0,595.0,542.0,115.0,856.0,831.0,120.0,766.0,959.0,1324.0,428.0,94.0,466.0,932.0,495.0,524.0,481.0,378.0,793.0,24.0,383.0,809.0,605.0,363.0,670.0,674.0,772.0,598.0,1326.0,1055.0,1175.0,527.0,955.0,1393.0,107.0,326.0,442.0,275.0,441.0,682.0,845.0,484.0,540.0,478.0,708.0,480.0,686.0,593.0,745.0,1166.0,563.0,417.0,250.0,231.0,375.0,160.0,866.0,213.0,522.0,895.0,272.0,219.0,227.0,275.0,192.0,210.0,282.0,192.0,46.0,48.0,100.0,78.0,58.0,46.0,184.0,95.0,202.0,89.0,78.0,22.0,49.0,164.0,65.0,44.0,228.0,237.0,367.0,45.0,76.0,20.0,16.0,16.0,16.0,24.0,18.0,25.0,27.0,26.0,8.0,19.0,23.0,24.0,18.0,18.0,28.0,30.0,20.0,20.0,19.0,24.0,28.0,7.0,20.0,26.0,13.0,19.0,25.0,26.0,21.0,22.0,20.0,20.0,26.0,16.0,24.0,20.0,8.0,16.0,25.0,13.0,21.0,27.0,22.0,10.0,25.0,24.0,22.0,24.0,27.0,15.0,26.0,25.0,30.0,16.0,17.0,18.0,16.0,14.0,26.0,8.0,25.0,23.0,13.0,9.0,13.0,12.0,6.0,11.0,16.0,8.0,5.0,3.0,11.0,8.0,8.0,9.0,10.0,9.0,8.0,6.0,7.0,6.0,2.0,3.0,11.0,3.0,6.0,11.0,9.0,15.0,3.0,8.0,195.0,236.0,76.0,44.0,24.0,39.0,40.0,49.5,2.96,4.72,33.41,20.64,25.48,26.82,19.67,23.48,24.4,27.56,20.29,21.34,23.22,19.62,19.44,21.3,20.47,1.0,2026.0,1.46,829.0,4.78,1.65,False,True
AGO,3A,5.0,,12-Feb-23,31.0,822.0,1459.0,1240.0,791.0,1410.0,1490.0,1155.0,1113.0,1254.0,1216.0,1490.0,373.0,349.0,222.0,224.0,595.0,542.0,115.0,856.0,831.0,120.0,766.0,959.0,1324.0,428.0,94.0,466.0,932.0,495.0,524.0,481.0,378.0,793.0,24.0,383.0,809.0,605.0,363.0,670.0,674.0,772.0,598.0,1326.0,1055.0,1175.0,527.0,955.0,1393.0,107.0,326.0,442.0,275.0,441.0,682.0,845.0,484.0,540.0,478.0,708.0,480.0,686.0,593.0,745.0,1166.0,563.0,417.0,250.0,231.0,375.0,160.0,866.0,213.0,522.0,895.0,272.0,219.0,227.0,275.0,192.0,210.0,282.0,192.0,46.0,48.0,100.0,78.0,58.0,46.0,184.0,95.0,202.0,89.0,78.0,22.0,49.0,164.0,65.0,44.0,228.0,237.0,367.0,45.0,76.0,20.0,16.0,16.0,16.0,24.0,18.0,25.0,27.0,26.0,8.0,19.0,23.0,24.0,18.0,18.0,28.0,30.0,20.0,20.0,19.0,24.0,28.0,7.0,20.0,26.0,13.0,19.0,25.0,26.0,21.0,22.0,20.0,20.0,26.0,16.0,24.0,20.0,8.0,16.0,25.0,13.0,21.0,27.0,22.0,10.0,25.0,24.0,22.0,24.0,27.0,15.0,26.0,25.0,30.0,16.0,17.0,18.0,16.0,14.0,26.0,8.0,25.0,23.0,13.0,9.0,13.0,12.0,6.0,11.0,16.0,8.0,5.0,3.0,11.0,8.0,8.0,9.0,10.0,9.0,8.0,6.0,7.0,6.0,2.0,3.0,11.0,3.0,6.0,11.0,9.0,15.0,3.0,8.0,195.0,236.0,76.0,44.0,24.0,39.0,40.0,49.5,2.25,6.83,23.28,23.09,29.1,20.34,23.16,22.86,20.2,22.5,23.12,16.12,24.5,23.37,16.5,17.28,22.92,1.0,2026.0,1.31,1054.0,5.04,2.04,False,True
AGO,3B,4.5,,18-Aug-23,25.0,757.0,1336.0,865.0,1006.0,1315.0,1359.0,716.0,1113.0,1254.0,1216.0,1490.0,373.0,349.0,222.0,224.0,595.0,542.0,115.0,856.0,831.0,120.0,766.0,959.0,1324.0,428.0,94.0,466.0,932.0,495.0,524.0,481.0,378.0,793.0,24.0,383.0,809.0,605.0,363.0,670.0,674.0,772.0,598.0,1326.0,1055.0,1175.0,527.0,955.0,1393.0,107.0,326.0,442.0,275.0,441.0,682.0,845.0,484.0,540.0,478.0,708.0,480.0,686.0,593.0,745.0,1166.0,563.0,417.0,250.0,231.0,375.0,160.0,866.0,213.0,522.0,895.0,272.0,219.0,227.0,275.0,192.0,210.0,282.0,192.0,46.0,48.0,100.0,78.0,58.0,46.0,184.0,95.0,202.0,89.0,78.0,22.0,49.0,164.0,65.0,44.0,228.0,237.0,367.0,45.0,76.0,20.0,16.0,16.0,16.0,24.0,18.0,25.0,27.0,26.0,8.0,19.0,23.0,24.0,18.0,18.0,28.0,30.0,20.0,20.0,19.0,24.0,28.0,7.0,20.0,26.0,13.0,19.0,25.0,26.0,21.0,22.0,20.0,20.0,26.0,16.0,24.0,20.0,8.0,16.0,25.0,13.0,21.0,27.0,22.0,10.0,25.0,24.0,22.0,24.0,27.0,15.0,26.0,25.0,30.0,16.0,17.0,18.0,16.0,14.0,26.0,8.0,25.0,23.0,13.0,9.0,13.0,12.0,6.0,11.0,16.0,8.0,5.0,3.0,11.0,8.0,8.0,9.0,10.0,9.0,8.0,6.0,7.0,6.0,2.0,3.0,11.0,3.0,6.0,11.0,9.0,15.0,3.0,8.0,195.0,236.0,76.0,44.0,24.0,39.0,40.0,49.5,1.0,5.65,23.28,23.09,29.1,20.34,23.16,22.86,20.2,22.5,23.12,16.12,24.5,23.37,16.5,17.28,22.92,1.0,2026.0,1.31,867.0,4.64,2.41,False,True
AGO,4A,4.0,,31-Aug-24,12.0,1031.0,943.0,1445.0,1444.0,1936.0,1016.0,1692.0,1869.0,1967.0,1174.0,997.0,373.0,349.0,222.0,224.0,595.0,542.0,115.0,856.0,831.0,120.0,766.0,959.0,1324.0,428.0,94.0,466.0,932.0,495.0,524.0,481.0,378.0,793.0,24.0,383.0,809.0,605.0,363.0,670.0,674.0,772.0,598.0,1326.0,1055.0,1175.0,527.0,955.0,1393.0,107.0,326.0,442.0,275.0,441.0,682.0,845.0,484.0,540.0,478.0,708.0,480.0,686.0,593.0,745.0,1166.0,563.0,417.0,250.0,231.0,375.0,160.0,866.0,213.0,522.0,895.0,272.0,219.0,227.0,275.0,192.0,210.0,282.0,192.0,46.0,48.0,100.0,78.0,58.0,46.0,184.0,95.0,202.0,89.0,78.0,22.0,49.0,164.0,65.0,44.0,228.0,237.0,367.0,45.0,76.0,20.0,16.0,16.0,16.0,24.0,18.0,25.0,27.0,26.0,8.0,19.0,23.0,24.0,18.0,18.0,28.0,30.0,20.0,20.0,19.0,24.0,28.0,7.0,20.0,26.0,13.0,19.0,25.0,26.0,21.0,22.0,20.0,20.0,26.0,16.0,24.0,20.0,8.0,16.0,25.0,13.0,21.0,27.0,22.0,10.0,25.0,24.0,22.0,24.0,27.0,15.0,26.0,25.0,30.0,16.0,17.0,18.0,16.0,14.0,26.0,8.0,25.0,23.0,13.0,9.0,13.0,12.0,6.0,11.0,16.0,8.0,5.0,3.0,11.0,8.0,8.0,9.0,10.0,9.0,8.0,6.0,7.0,6.0,2.0,3.0,11.0,3.0,6.0,11.0,9.0,15.0,3.0,8.0,195.0,236.0,76.0,44.0,24.0,39.0,40.0,49.5,1.69,5.43,23.28,23.09,29.1,20.34,23.16,22.86,20.2,22.5,23.12,16.12,24.5,23.37,16.5,17.28,22.92,1.0,2026.0,1.31,488.0,5.3,1.73,False,True
AGO,9G,4.0,,2-Feb-25,7.0,529.0,1121.0,1548.0,934.0,1281.0,1687.0,1791.0,921.0,1702.0,1462.0,1583.0,373.0,349.0,222.0,224.0,595.0,542.0,115.0,856.0,831.0,120.0,766.0,959.0,1324.0,428.0,94.0,466.0,932.0,495.0,524.0,481.0,378.0,793.0,24.0,383.0,809.0,605.0,363.0,670.0,674.0,772.0,598.0,1326.0,1055.0,1175.0,527.0,955.0,1393.0,107.0,326.0,442.0,275.0,441.0,682.0,845.0,484.0,540.0,478.0,708.0,480.0,686.0,593.0,745.0,1166.0,563.0,417.0,250.0,231.0,375.0,160.0,866.0,213.0,522.0,895.0,272.0,219.0,227.0,275.0,192.0,210.0,282.0,192.0,46.0,48.0,100.0,78.0,58.0,46.0,184.0,95.0,202.0,89.0,78.0,22.0,49.0,164.0,65.0,44.0,228.0,237.0,367.0,45.0,76.0,20.0,16.0,16.0,16.0,24.0,18.0,25.0,27.0,26.0,8.0,19.0,23.0,24.0,18.0,18.0,28.0,30.0,20.0,20.0,19.0,24.0,28.0,7.0,20.0,26.0,13.0,19.0,25.0,26.0,21.0,22.0,20.0,20.0,26.0,16.0,24.0,20.0,8.0,16.0,25.0,13.0,21.0,27.0,22.0,10.0,25.0,24.0,22.0,24.0,27.0,15.0,26.0,25.0,30.0,16.0,17.0,18.0,16.0,14.0,26.0,8.0,25.0,23.0,13.0,9.0,13.0,12.0,6.0,11.0,16.0,8.0,5.0,3.0,11.0,8.0,8.0,9.0,10.0,9.0,8.0,6.0,7.0,6.0,2.0,3.0,11.0,3.0,6.0,11.0,9.0,15.0,3.0,8.0,195.0,236.0,76.0,44.0,24.0,39.0,40.0,49.5,1.58,5.23,23.28,23.09,29.1,20.34,23.16,22.86,20.2,22.5,23.12,16.12,24.5,23.37,16.5,17.28,22.92,1.0,2026.0,1.31,333.0,4.57,2.94,False,True
AGO,9H,4.0,,21-Mar-24,18.0,838.0,1225.0,856.0,1132.0,896.0,1047.0,1399.0,1716.0,1443.0,706.0,1308.0,373.0,349.0,222.0,224.0,595.0,542.0,115.0,856.0,831.0,120.0,766.0,959.0,1324.0,428.0,94.0,466.0,932.0,495.0,524.0,481.0,378.0,793.0,24.0,383.0,809.0,605.0,363.0,670.0,674.0,772.0,598.0,1326.0,1055.0,1175.0,527.0,955.0,1393.0,107.0,326.0,442.0,275.0,441.0,682.0,845.0,484.0,540.0,478.0,708.0,480.0,686.0,593.0,745.0,1166.0,563.0,417.0,250.0,231.0,375.0,160.0,866.0,213.0,522.0,895.0,272.0,219.0,227.0,275.0,192.0,210.0,282.0,192.0,46.0,48.0,100.0,78.0,58.0,46.0,184.0,95.0,202.0,89.0,78.0,22.0,49.0,164.0,65.0,44.0,228.0,237.0,367.0,45.0,76.0,20.0,16.0,16.0,16.0,24.0,18.0,25.0,27.0,26.0,8.0,19.0,23.0,24.0,18.0,18.0,28.0,30.0,20.0,20.0,19.0,24.0,28.0,7.0,20.0,26.0,13.0,19.0,25.0,26.0,21.0,22.0,20.0,20.0,26.0,16.0,24.0,20.0,8.0,16.0,25.0,13.0,21.0,27.0,22.0,10.0,25.0,24.0,22.0,24.0,27.0,15.0,26.0,25.0,30.0,16.0,17.0,18.0,16.0,14.0,26.0,8.0,25.0,23.0,13.0,9.0,13.0,12.0,6.0,11.0,16.0,8.0,5.0,3.0,11.0,8.0,8.0,9.0,10.0,9.0,8.0,6.0,7.0,6.0,2.0,3.0,11.0,3.0,6.0,11.0,9.0,15.0,3.0,8.0,195.0,236.0,76.0,44.0,24.0,39.0,40.0,49.5,1.54,4.54,23.28,23.09,29.1,20.34,23.16,22.86,20.2,22.5,23.12,16.12,24.5,23.37,16.5,17.28,22.92,1.0,2026.0,1.31,651.0,5.49,2.92,False,True
AGO,9I,3.5,,19-Sep-22,36.0,806.0,1346.0,1494.0,672.0,1250.0,1126.0,995.0,699.0,1010.0,905.0,1839.0,373.0,349.0,222.0,224.0,595.0,542.0,115.0,856.0,831.0,120.0,766.0,959.0,1324.0,428.0,94.0,466.0,932.0,495.0,524.0,481.0,378.0,793.0,24.0,383.0,809.0,605.0,363.0,670.0,674.0,772.0,598.0,1326.0,1055.0,1175.0,527.0,955.0,1393.0,107.0,326.0,442.0,275.0,441.0,682.0,845.0,484.0,540.0,478.0,708.0,480.0,686.0,593.0,745.0,1166.0,563.0,417.0,250.0,231.0,375.0,160.0,866.0,213.0,522.0,895.0,272.0,219.0,227.0,275.0,192.0,210.0,282.0,192.0,46.0,48.0,100.0,78.0,58.0,46.0,184.0,95.0,202.0,89.0,78.0,22.0,49.0,164.0,65.0,44.0,228.0,237.0,367.0,45.0,76.0,20.0,16.0,16.0,16.0,24.0,18.0,25.0,27.0,26.0,8.0,19.0,23.0,24.0,18.0,18.0,28.0,30.0,20.0,20.0,19.0,24.0,28.0,7.0,20.0,26.0,13.0,19.0,25.0,26.0,21.0,22.0,20.0,20.0,26.0,16.0,24.0,20.0,8.0,16.0,25.0,13.0,21.0,27.0,22.0,10.0,25.0,24.0,22.0,24.0,27.0,15.0,26.0,25.0,30.0,16.0,17.0,18.0,16.0,14.0,26.0,8.0,25.0,23.0,13.0,9.0,13.0,12.0,6.0,11.0,16.0,8.0,5.0,3.0,11.0,8.0,8.0,9.0,10.0,9.0,8.0,6.0,7.0,6.0,2.0,3.0,11.0,3.0,6.0,11.0,9.0,15.0,3.0,8.0,195.0,236.0,76.0,44.0,24.0,39.0,40.0,49.5,2.36,4.5,23.28,23.09,29.1,20.34,23.16,22.86,20.2,22.5,23.12,16.12,24.5,23.37,16.5,17.28,22.92,1.0,2026.0,1.31,1200.0,5.27,1.5,False,True
